ID,ASIN,item_name
,B0BB6DJNWP,B 29 Aq - Vial of 1ml Injection
,B0BNC3XK8N,B 29 Daily - Strip of 10 Tablets
,B09V3SKSYC,B Active Capsule - Strip of 30 Capsules
,B083BX92FM,B Aim - Strip of 10 Capsules
,B08BXGCTQH,B Aim - Strip of 10 Tablets
,B08BXFXVCH,B aim Plus - Strip of 10 Tablets
,B08RBJPT91,B Bact - Tube of 15g Ointment
,B087D294QL,B Bact - Tube of 5gm Ointment
,B0BQM2KT62,B Braun Intrafix P Safeset 180cm - Pack of 1 Safeset
,B0BQM2XCS8,B D Luerlock - Pack of 3ml Syringe
,B09V3SQGZL,B Fit - Tube of 30 gm Gel
,B0BQ6ZHST9,B Folydol - Bottle of 100ml Syrup
,B0BQ6WTLZ8,B Folydol - Bottle of 1g Drops
,B0BQ6VNWFY,B Folydol - Strip of 10 Tablets
,B09TKRSNPQ,B G Prot L Elixir - Bottle of 450 ml Syrup
,B099WT7R7X,B Glow -Tube of 75 G Face Wash
,B0BNC234CN,B Leav - Bottle of 200ml Syrup
,B09V3T63BW,B Muce - Tube of 5 gm Ointment
,B09ZDHM89M,B N C - Strip of 10 Capsules
,B0BQ3DSNRH,B.D - Pack of 22g 1 inch Needles
,B0BQ3GX23Q,B.D - Pack of 24g 1inch Needles
,B0BQY4YSQW,B.D 3Pc - Bottle of 5ml Syringe
,B0BQ6ZMZ1X,B.D Discardit Syringes 10ml
,B0BQ6ZNN4Q,B.D. Syringes 5ml
,B0BNBXZDXT,B.I.SURGICAL ABSORBANT 1.1MTR X 4MTR - Bottle of 1 GAUZE CLOTH
,B09V3T9GQK,B12 FILM 1500 DISINTEGRATING - Strip of 10 Tablets
,B09V3VSQ9Q,B2 Doc - Bottle of 5 ml Eye Drops
,B09DDJKS3H,B29 - Bottle of 200Ml Liquid
,B087D4KWVQ,B-29 - Strip of 10 Tablets
,B0BQ6Z88TK,B-29 AQ 1500mcg - Bottle of 1ml Injection
,B0BLBSPH33,B-29 AQ 1500mcg - Pre-filled Syringe of 1ml Injection
,B09ZPR6WNH,B-29 Daily - Strip of 15 Tablets
,B097J2SB38,B-29 Gold - Strip of 10 Tablets
,B0BB6HCQDK,B-29 Gold AQ Injection 2 ml
,B088GF1CVB,B-29 LC - Strip of 10 Tablets
,B09V3T1VY9,B-29 MAX - Strip of 10 Capsules
,B097J2QX85,B4 Nappi - Tube of 75 Gms Cream
,B09V3THWJT,B75 - Strip of 30 Tablets
,B099WX7KS4,B-9 Plus - Strip of 10 Capsules
,B084J1T7B5,Baby Sebamed - Bottle of 150 ml Children Shampoo
,B084BDYRDF,Baby Sebamed - Bottle of 200 ml Sun Lotion
,B084BFBKJY,Baby Sebamed - Bottle of 50 ml Baby Wash
,B084BDZCCJ,Baby Sebamed - Pack of of 150 g Baby Cleansing Bar
,B084BF26L9,Baby Sebamed - Tube of 100 ml Rash Cream
,B084BDYRDD,Baby Sebamed - Tube of 200 ml Cream
,B084BDRZC7,Baby Sebamed - Tube of 50 ml Cream
,B089H2XF3W,Babygesic - Bottle Of 60 Ml Solution
,B08CS5PXY5,Babygesic 250 - Bottle of 60 ml Suspension
,B09WBC8KK4,BABYGESIC DS 250MG - Bottle of 5 ml Syrup
,B084BDTF4G,Babygesic Orange Flavour - Bottle of 15 ml Drops
,B09ZD4HDJF,Babymask - Pack of 1 Spacer Device
,B087DLKGWC,Bacfen 10mg - Strip of 10 Tablets
,B0895LZQNB,Bacfen 25 Mg - Strip of 10 Tablets
,B09WBCLJ1R,Bacfen 5 - Strip of 10 Tablets
,B0895LRGPM,Bacfen XL - Strip of 10 Capsules
,B09WBCC1GV,Bacfen XL 10 - Strip of 10 Tablets
,B0BQM3YL2F,Bacfen XL 30 - Strip of 10 Capsules
,B0BNC2RJQ3,Bacgab - Tube of 30g Gel
,B0BNC33XP3,Bacillocid Extra - Pack of 500ml Surface and Equipment Disinfectant
,B09V3SQCRM,Bacilon Probiotic Liquid 6 x 5 ml - Bottle of 6 x 5 ml Liquid
,B0BQM6V1SB,Backup-300 SR - Strip of 10 Tablets
,B0892PQTYK,Baclodol - Strip of 10 Tablets
,B0842PPTYX,Baclof Liquid Strawberry Flavour - Bottle of 100 ml Solution
,B0842PBJGZ,Baclof OD 20 - Strip of 10 Tablets
,B0842PDBFW,Baclof OD 30 - Strip of 10 Tablets
,B08K9Q8X3S,Baclof-10 - Strip of 10 Tablets
,B0B9LHY66H,Baclof-25 - Strip of 10 Tablets
,B0BB2S3YK8,Baclof-25 - Strip of 10 Tablets
,B0BB6JBW4C,Baclofast 10mg - Strip of 10 Tablets
,B09V3VPCQ9,BACLOFEN 10MG - Strip of 10 Tablets
,B08WBJ4S1B,Bacloren 10 Mg - Strip of 10 Tablets
,B09WBB8T7L,Bacloren 20 - Strip of 10 Tablets
,B0BNC4F9B4,BACLOTABLETS 10mg - Strip of 15 Tablets
,B0BNBYYPJZ,BACSTAN CV - Strip of 6 Tablets
,B0842P39FB,Bacstol 100 - Strip of 10 Tablets
,B0842P2FZP,Bacstol 200 - Strip of 10 Tablets
,B0842QMH42,Bactafuz 2% - Tube of 5 g Cream
,B09V3TXGJK,BACTBLEND DELAYED RELEASE - Strip of 1 Capsules
,B09DDGBJ5H,Bactigras - 10 Pouches of 10Cmx10Cm Dressing
,B08C3F9592,Bactilem - Vial of 750mg Injection
,B08959B711,Bactilem-1.5mg - Bottle of 1.5gm Injection
,B0BNC29JG2,Bactipro - Strip of 10 Capsules
,B0845F6GJ2,Bactiv - Bottle of 10 Capsules
,B0BB6FPHTD,B-Active - Bottle of 100ml Liquid
,B099WT4Y6Y,B-Active Cp - Bottle of 30 Tablets
,B087D39GD1,B-active- Strip of 15 Tablets
,B09V3TXQZR,BACTOCILLIN-1000MG - Strip of 10 Tablets
,B0845FDBJ2,Bactoclav - Bottle of 10 ml Drops
,B083STK93L,Bactoclav - Bottle of 30 ml Suspension
,B0845FR9XJ,Bactoclav - Vial of 1.2gm Injection
,B0845G6J28,Bactoclav 1000 - Strip of 4 Tablets
,B0BNC3TP47,BACTOCLAV 1GM - Strip of 4 Tablets
,B0845FSCX8,Bactoclav 375 - Strip of 10 Tablets
,B0BNBZWWR4,BACTOCLAV DDS - Bottle of 30ml Syrup
,B0842QP3Y3,Bactoclav DS-457 - Bottle of 30 ml Suspension
,B0845FSKB7,Bactoclav DT - Strip of 10 Tablets
,B0842Q6VJZ,Bactoclav-625 - Strip of 10 Tablets
,B0842PJQY1,Bactogard 100 - Bottle of 15g/30ml Syrup Powder
,B0845FFR6N,Bactogard 100 DT - Strip of 10 Tablets
,B0845FSKBG,Bactogard 200 - Strip of 10 Tablets
,B0842P5LBH,Bactogard 50 - Bottle of 15g/30ml Syrup Powder
,B087DG6987,Bactogard CV 200Mg/125Mg - Strip of 10 Tablets
,B0842P2HWC,Bactogard CV 50 - Bottle of 11g/30ml Dry Syrup Powder
,B0842NYYMV,Bactogard Drops - Bottle of 6g/10 ml Powder
,B08G5R8JMJ,Bactogard DS - Bottle of 30ml Suspension
,B086534T4S,Bactomin 375 - Strip of 10 Tablets
,B09WBB9T3S,Bactomin 750 - Strip of 6 Tablets
,B09TKRMZ4C,Bactrim - Bottle of 50 ml Syrup
,B087DDQCG4,Bactrim DS 800Mg/160Mg - Strip of 10 Tablets
,B09V3V25FQ,BACTROBAN - Tube of 5 gm Ointment
,B09ZPPZC1M,Baga 100MG - Strip of 15 Capsules
,B09V3SFWH7,Baga 300 - Strip of 15 Capsules
,B09V3SS6WF,Baga-M - Strip of 15 Capsules
,B09V3SLQFP,BAGA-NT 100/10MG - Strip of 15 Tablets
,B09ZPGL3CK,Baga-NT 400/10MG - Strip of 15 Tablets
,B099WT7R7Y,Baidyanath Abhayarishta - Bottle of 450 Ml Liquid
,B0BR38126V,Bakbone - Strip of 15 Tablets
,B0BNC4V4R6,BAKFLEX 8mg - Strip of 10 Tablets
,B09V3SZLSL,Bakflex A - Strip of 10 Tablets
,B0842NZ69B,Bakflex Plus - Strip of 10 Tablets
,B084BDW3CP,Bakflex-A - Strip of 10 Tablets
,B09V3S6634,Bakflex-A8 - Strip of 10 Tablets
,B08BCWSCTM,Bakwel 4mg - Strip of 10 Capsules
,B088GB87M2,Bakwel-AP - Strip of 10 Tablets
,B0BQM2L54W,Bal Pharma - Bottle of 100ml Acetone Liquid
,B09V3V3VVL,BALAMIN PG - Strip of 10 Tablets
,B0BNC3Z5GR,Balamin Plus - Strip of 10 Tablets
,B0BQM4N13D,Balila 25mg - Strip of 10 Capsules
,B0845FQV9M,Balvibe - Blister Pack of 10 Capsules
,B09V3T99GJ,Bambudil 10 - Strip of 10 Tablets
,B085J5T2P1,Bambudil-10 - Strip of 10 Tablets
,B09WBBJW66,Ban A Tan - Tube of 25 gm Cream
,B097J2DBCG,Ban A Tan - Tube of 50 gm Cream
,B088GCTFPN,Bandrone 150 mg - Strip of 1 Tablet
,B09WBCDDXF,Bandrone 50 mg - Strip of 10 Tablets
,B0842QBVRD,Bandy - Bottle of 10 ml Suspension
,B0842Q6VK6,Bandy - Strip of 1 Tablet
,B08CSGCG5V,Bandy - Strip of 10 Tablets
,B0842QQTJD,Bandy- Plus - Bottle of 10 ml Suspension
,B0842QC2ZH,Bandy- Plus - Strip of 1 Tablet
,B08KFQD1H3,Bandy-Plus - Strip of 10 Tablets
,B087DG5W5T,Bandy-Plus 12mg - Strip of 1 Tablets
,B08KJ738FK,Bandy-Plus 12mg - Strip of 10 Tablet
,B085M35WL7,Bang - Bottle of 25 gm Spray
,B085M2ZW3C,Bang - Bottle of 55 gm Spray
,B085M42R89,Banmg - Tube of 30gm Nano Gel
,B09WBCYLZL,BANOCIDE - Bottle of 100 ml Syrup
,B0845FS7N1,Banocide - Strip of 20 Tablets
,B09WBCS6NN,BANOCIDE 100 MG - Strip of 10 Tablets
,B09WBC6DSC,BANOCIDE 50MG - Bottle of 60 ml Syrup
,B0845FXXJ2,Banocide Forte - Strip of 30 Tablets
,B09V3SXV71,BANOFLAM D - Strip of 10 Tablets
,B0BB6GJ6C2,BANOFLAM TABLETS 10'S
,B09ZPKBYJB,Banoflam-Forte - Strip of 10 Tablets
,B0845FXGW6,Baralgan NU - Strip of 10 Tablets
,B0BNC2CZN8,Barijak - Bottle of 14 Tablets
,B09V3SWKRD,BARIKIND 4 - Strip of 14 Tablets
,B0BLBQCBLK,Barilup 2 - Bottle of 14 Tablets
,B0BQ6YQYMJ,Barilup 2 - Strip of 14 Tablets
,B0BNC3QCWC,Barilup 4 - Bottle of 14 Tablets
,B0BNC3686L,Barinat 1 - Bottle of 14 Tablets
,B0BNC3JB17,Barinat 2 - Strip of 14 Tablets
,B09V3SXRVP,BARINAT 4 - Strip of 14 Tablets
,B0B9MV2BQS,Barivit - Strip of 10 Tablets
,B0BB2QN7VC,Barivit - Strip of 10 Tablets
,B09V3S25S3,Barkeit - Strip of 10 Tablets
,B09V3TWR69,BAROHEXY 2 MG - Strip of 10 Tablets
,B0B9LHNVLK,Basaglar 100 Units/ml Cartridge - Vial of 3ml Injection
,B0BB2SSDFD,Basaglar 100 Units/ml Cartridge - Vial of 3ml Injection
,B0B9LGVG4W,Basaglar 100IU/ml Kwikpen - Penfill of 3ml Injection
,B0BB2S6P6S,Basaglar 100IU/ml Kwikpen - Penfill of 3ml Injection
,B0BB2T8W3R,Basalog 100IU - Vial of 5ml Injection
,B0B9LJ98M2,Basalog 100IU/ml - Refill Cartridge of 3ml Injection
,B0BB2R2WBH,Basalog 100IU/ml - Refill Cartridge of 3ml Injection
,B09WBC2NJR,Basalog 100IU/ml - Vial of 3 ml Injection
,B0B9LJM5FD,Basalog 100Iu/ml - Vial of 5ml Injection
,B08C3F947G,Basalog One - Vial of 100Iu Injection
,B0B9LJT82S,Basalog One 100IU/ml - Penfill of 3ml Injection
,B0BB2PPR4T,Basalog One 100IU/ml - Penfill of 3ml Injection
,B08C3F8C51,Basalog Refil 3 ml - Pack of 3 Cartridge
,B0BQ6ZHCQN,Basics - Strip of 10 Tablets
,B0BNC2Y7HD,Basics Junior - Bottle of 200ml Syrup
,B09V3SDGV4,BASICVIT - Strip of 10 Capsules
,B09V3TZ6KZ,Basiton Forte - Strip of 15 Tablets
,B085JCMK9N,Basiton Forte - Strip of 15 Tablets
,B09V3SLTZ4,Basiton Forte New - Strip of 15 Tablets
,B09V3SQ95W,Bask-D3 - Strip of 4 Capsules
,B09V3SR6QV,BASUGINE - Pack of 1 PEN
,B09V3TXR5X,BASUGINE - Pack of 100 IU Injection
,B09V3V2XPT,BATE FZ - Strip of 10 Tablets
,B09V3T787X,BAX-CV DS - Bottle of 30 ml Syrup
,B0BR38J5YT,Baxyzol-DSR - Strip of 10 Capsules
,B09ZPSC7WV,Bayace 100MG - Strip of 10 Capsules
,B09ZPRHBXC,Baycip 250MG - Strip of 10 Tablets
,B09V3TDZLR,Baycip 500 - Strip of 10 Tablets
,B09ZPMDH53,Baycip TZ - Strip of 10 Tablets
,B0B51Q5F55,Bayers - Bottle of 250 ml Tonic
,B085LYF98K,Bayers - Bottle of 250 ml Tonic
,B0BNC15C2H,Bayurab-Dsr - Strip of 10 Capsules
,B088GFBLY5,B-Bact - Tube of 10 gms Ointment
,B09V3SWJDP,BC2A - Strip of 15 Tablets
,B0BNBZNYN8,Bchol-25 - Strip of 10 Tablets
,B08WR4K27J,B-Cin 100 mg - Strip of 10 Tablets
,B087DGF5B2,B-Colex - Strip of 10 Capsules
,B09ZDJR3LB,B-Colex - Strip of 10 Capsules
,B0BNC2ZJX3,B-Complex - Bottle of 30ml Syrup
,B0BLCPFFSC,B-Complex - Strip of 10 Capsules
,B09V3SMLQ4,B-CRIP 2.5 MG - Strip of 10 Tablets
,B0BNC1P8SM,Bc-Top - Bottle of 50ml Lotion
,B0BQM2M2YF,BD - Bottle of 1ml x 100 Units Syringe with Needles
,B0BQ6YQ13T,BD - Pack of 100 Alchohol Swabs
,B0BQM2FT6X,BD - Pack of 20ml Syringe
,B0BQM3YL2D,Bd 26g Ref-303060 - Pack of 1ml Slip Tip Syringe With Needle
,B0BQ6YPWZ1,Bd Discardit Syringes 5ml
,B0BQ6XHKM3,BD Discarditii Syringes 2ml
,B0BQ6Y3T3R,BD Insulin Syringes with BD Ultra-Fine Needle 40U 31G 6MM
,B0BQ3FZKT8,BD Needles 1.5 - Pack of 21g Needles
,B0BQ6XWQV2,BD Neoflon Paed 24G
,B0BQ3J7CXD,BD No 21 - Pack of 1 Needle
,B0BQ3G6L7Y,BD No 22 1.5 - Pack of 1 Needle
,B0BQM379GL,Bd Precision Glide 21GX1.5-Inch - Vial of 1 Needle
,B09DDGNKCG,Bd Spinal Needle Quincke Type Point 405120 - 23Gx3.50In 0.64Mmx90Mm Needle
,B09DDHH6YB,Bd Spinal Needle Quincke Type Point 405122 - 25Gx3.50In 0.50Mmx90Mm Needle
,B09DDJXRQQ,Bd Spinal Needle Quincke Type Point 405124 - 26Gx3.50In 0.45Mmx90Mm Needle
,B0BQ6WF921,BD Syringe -  2 ml
,B0BNC22687,BD Ultra-Fine 4MM (32G) - Vial of 5 Pen Needles
,B0BQ6XQPH4,BD Ultra-Fine III Mini Pen Needles 4MM 32G
,B0BQ6YF9XL,BD Ultra-Fine Mini Pen Needles 5mm x 31G
,B09DDGNKCH,Bd Venflon 391491 - Pack of 22G Needle
,B09DDK1J89,Bd Venflon 391492 - Pack of 20G Needle
,B09DDC2943,Bd Venflon 391493 - Pack of 18G 1.77In 1.2X45Mm 80Ml/Min Needle
,B0BLC3VJP5,BD-12 - Strip of 10 Tablets
,B0BQ6ZV34T,BD-12 - Strip of 10 Tablets
,B0BNC4CQ2G,BDENZA 40mg - Strip of 28 Capsules
,B09TKW8HP7,Bdiff A - Tube of 15 gm Gel
,B0BLCYXXFV,BD-Plus - Strip of 10 Tablets
,B0BQ6ZKZ1K,BD-Plus - Strip of 10 Tablets
,B08XX8MTQW,BDX EXPECT - Bottle of 120 ML Syrup
,B0BNC5QL6F,Be Ferric-XT - Strip of 10 Tablets
,B09ZPNP73K,Beat HF 5MG - Strip of 10 Tablets
,B08WJKM3ZJ,Beboxia Xl 25 Mg - Strip of 10 Tablets
,B084BFBQWK,Becadexamin - Bottle of 30 Capsules
,B09V3TY1PY,BECELAC FORTE - Strip of 10 Capsules
,B0842LSHRM,Becelac fortz - Strip of 15 Capsules
,B083VMX548,Becelac PB - Strip of 10 Capsules
,B0BNC2NVKK,Becetab - Strip of 10 Tablets
,B085J8NBQL,Beclate - Bottle of 200 Metered Doses Inhaler
,B085J8VZSR,Beclate 200 Rotacaps - Bottle of 30 Capsules
,B085J8KJKC,Beclate 400 Rotacaps - Bottle of 30 Capsules
,B09V3ST7X7,BECLO - Bottle of 30 ml Lotion
,B0BNC1SZH6,Becobank - Strip of 10 Tablets
,B0BNC24KL4,Becobank Forte Softgel - Strip of 10 Capsules
,B0BNBZF15T,Becocapsule - Strip of 10 Capsules
,B0BQ6WXGRQ,Becocnx 60K Orange - Strip of 4 Chewable Tablets
,B0BB6GDGRJ,Becocnx D3 - Strip of 10 Tablets
,B0BB6RVLFY,Becocnx OD - Strip of 10 Tablets
,B09SQH3KCK,BECOCNX PM 75MG - Strip of 10 Tablets
,B09SQJZ2C4,BECOCNX-LITE - Strip of 10 Tablets
,B0BLBNQPZX,Becoles - Strip of 15 Capsules
,B09ZDQ4LQD,Becomax C Forte - Strip of 15 Tablets
,B085J5HGJX,Becomax C Forte - Strip of 15 Tablets
,B0BLC4QRMB,Becomust - Strip of 10 Capsules
,B0BQ6YPZMW,Becomust - Strip of 10 Capsules
,B09V3SZLMV,BECOPLEX - Strip of 15 Capsules
,B0BB6H2DKH,BECOSTAR - Strip of 15 Tablets
,B0895MCDSY,Becostar G - Strip of 10 Capsules
,B084BF3QCB,Becosules - Bottle of 120 ml Syrup
,B087D37FYF,Becosules - Strip of 20 Capsules
,B09STZTQYX,BECOSULES JUNIOR PAED ORANGE FLAVOUR - Bottle of 200ml Liquid
,B0862FT6RF,Becosules Performance - Blister Pack of 15 Capsules
,B09SQG8DXV,BECOSULES PLUS+ - Strip of 30 Capsules
,B088GCWTHW,Becosules Women - Strip of 15 Capsules
,B087D39GD5,Becosules Z - Strip of 20 Capsules
,B0864RJZGQ,Becotrol - Strip of 10 Capsules
,B08BXFWBK9,Becovic-M - Bottle of 200 ml Syrup
,B08BXFT942,Becovic-M - Strip of 10 Tablets
,B0BR384MWP,BECOVIT FORTE - Strip of 10 Tablets
,B09V3SS8FQ,BECOVIT-Z - Strip of 10 Tablets
,B09WBCMD3Y,Becozinc - Strip of 15 Capsules
,B083VG52QR,Becozinc - Strip of 20 Capsules
,B09WBD2P6Y,Becozinc - Strip of 20 Capsules
,B097FHFD9Y,Becozinc - Strip of 30 Capsules
,B083VMX1G1,Becozinc-G - Blister Pack of 10 Capsules
,B09DPQX5W9,BECOZINC-G - Strip of 10 Capsules
,B097HX7M6M,Becozinc-H - Bottle of 200 Ml Syrup
,B09V3THSTY,BECOZINC-M - Strip of 10 Tablets
,B087D4F1HZ,Becozym C Forte - Strip of 15 Tablets
,B089ZB5L47,Becozym C Forte - Strip of 15 Tablets
,B099WW6T1J,Becozyme -15 -Strip of 15 Tablets
,B09DDJ8FBF,Becozyme C Forte - Strip of 15 Tablets
,B09V3SW4BX,BECTOMUS - Strip of 10 Capsules
,B09V3VLNL5,BECUTE - Strip of 10 Capsules
,B0BR38HS5Q,Becute 2K Plus - Strip of 10 Capsules
,B0BLCJLDXW,Bee Max-XT - Strip of 10 Tablets
,B0BQ6WVD5K,Bee Max-XT - Strip of 10 Tablets
,B0BQM67L43,Beens Mom - Pack of 200g Powder
,B09V3SXT3V,BEEPRED 4MG - Strip of 10 Tablets
,B09V3SQFMQ,BEE-RESQ - Strip of 10 Tablets
,B09V3SSVP5,Befadox - Strip of 10 Tablets
,B0BQM2GZT5,Befer - Bottle of 15ml Drops
,B087D37H45,Befer - Bottle of 200 ml Syrup
,B099WX5H4S,Befer - Strip of 10 Tablets
,B0BNC43YB2,Befullvit-Gold - Strip of 10 Tablets
,B0BNBZWNRP,Begamine-M - Strip of 10 Capsules
,B083ZRMVS2,Beipos - Bottle of 5 ml Eye Drops
,B083ZSWHHW,Beipos - Strip of 10 Tablets
,B0BR397JFF,Beistyn 500 - Strip of 10 Capsules
,B0BQM53C9D,Bel Nerve - Strip of 10 Tablets
,B09V3TVX1C,BELAR - Strip of 10 Tablets
,B09V3T4W8L,BELAR FORTE - Strip of 10 Tablets
,B09DDC294P,Belar-Forte 1Mg - Strip of 10 Tablets
,B09V3V53LR,BELATIN 20MG - Strip of 10 Tablets
,B0BB6DR4N9,Belatin-M - Strip of 10 Tablets
,B09V3TRF74,Belbact - Tube of 10 gm Cream
,B09V3T35ZJ,Belclin-A - Tube of 15 gm Gel
,B09V3TBGWL,Belfexin 180mg - Strip of 10 Tablets
,B0BR3BFQM5,Belglow - Bottle of 75g Soap
,B0BR39X5RV,Belic - Strip of 10 Tablets
,B08CS4JXJZ,Belitra - Strip of 7 Capsules
,B09WBBP5Y6,BELITRA-200 - Strip of 10 Capsules
,B0BLCRBCP4,Bell-Fluconazole 0.3% - Bottle of 5ml Eye/Ear Drops
,B0BQ6ZX2G8,Bell-Fluconazole 0.3% - Bottle of 5ml Eye/Ear Drops
,B09WB9WVYR,Bellissa - Bottle of 100 gm Moisturising Lotion
,B0BNC2BG7W,Bellissa - Bottle of 75g Baby Soap
,B08CS4KRV9,Bellissa - Pack of 75 g Psoria Soap
,B08CS5KBTB,Bellissa - Pack of 75 g Soap
,B08BXFXMJJ,Bellissa - Pack of 75 gm Acne Soap
,B09ZDWKDZK,Bellissa - Pack of 75g Soap
,B08BXDQ9SD,Bellissa - Tube of 20gm Lite Cream
,B08CS4LGJY,Bellissa - Tube of 60 g Lite Cleanser
,B09WBBJVQX,Bellissa - Tube of 60 gm Lite Cleanser
,B09ZDPHQPK,Bellissa Lite - Tube of 20g Cream
,B09ZDX19DB,Bellissa Psoria - Pack of 75g Soap
,B09DDFRW1B,Bello-20 - Strip of 10 Tablets
,B09DDC294N,Bello-D - Strip of 10 Capsules
,B0BB6HXM1F,Bellpino Atrin - Tube of 3g Ointment
,B09TKRYPND,BellPino-Atrin 1% - Bottle of 5 ml Eye Drops
,B0BR38FPMP,Bellywell-M - Strip of 10 Tablets
,B09V3SR7QJ,BELOC TR 40 - Strip of 10 Tablets
,B09V3ST4QR,Belol XL 50 mg - Strip of 10 Tablets
,B09V3VMSF5,BELSALIC - Tube of 20 gm Ointment
,B09V3TKQH8,Belsonate - Tube of 20 gm Cream
,B085LWF8JH,Beltas - Strip of 10 Tablets
,B0BNC415ZP,Beltas Forte 40 - Strip of 10 Tablets
,B08CS3WS9C,Belzole - Bottle of 60 ml Shampoo
,B08BXDSDLJ,Belzole - Pack of 75gm Soap
,B09WBCGKRT,BELZOLE 2% W/W - Tube of 30 gm Cream
,B0BR3BWS1J,Beminal - Bottle of 100ml Syrup
,B0BR39JVZ8,Beminal - Bottle of 200ml Syrup
,B09ZPNF4FJ,Beminal Forte - Strip of 10 Tablets
,B0BQ6XN75G,Beminal Total - Strip of 10 Tablets
,B0BLCLLS5K,Ben Q Met Forte - Strip of 10 Tablets
,B0BQ6YHRMR,Ben Q Met Forte - Strip of 10 Tablets
,B084J1LHRP,Benadon 40mg - Strip of 10 Tablets
,B089DFX4WB,Benadryl - Bottle of 100 ml Syrup
,B087PMD751,Benadryl - Bottle of 150 ml Syrup
,B09WBBQRLS,Benadryl - Bottle of 450 ml Syrup
,B087PMY3TN,Benadryl - Bottle of 50 ml Syrup
,B09ZPRC1R1,Benadryl DR 10MG New Honey & Lemon Flav - Strip of 4 Cough Lozenges
,B08XPK46QW,BENADRYL DR 15 MG - Bottle of 50 ML Syrup
,B097FHP1FF,BENADRYL DR 15mg - Bottle of 100ml Syrup
,B084J1QYJK,Benalgis - Strip of 10 Tablets
,B0BQM3N4QB,BENALGIS 75mg - Strip of 10 Tablets
,B083BWHNBC,Benalgis Forte - Bottle of 15 Capsules
,B0BNC2PSF6,Bencan - Strip of 10 Capsules
,B09V3TG1BG,Bencap Forte - Strip of 10 Capsules
,B09V3S25FB,Bencid - Strip of 10 Tablets
,B0864N86VG,Bendex - Bottle of 10 ml Suspension
,B0864N9HW8,Bendex 400 - Strip of 1 Tablets
,B0864MHT6K,Bendex Plus - Strip of 1 Tablet
,B0BR39N2MG,Benecef-500mg - Strip of 6 Tablets
,B097J153VP,Beneficiale - Bottle of 100 Ml Liquid
,B09WB9SSZL,Beneficiale - Bottle of 15 ml Drops
,B097J3NFD1,Beneficiale - Bottle of 200 Ml Liquid
,B0BQM4WVBB,Beneficiale - Bottle of 200ml Liquid
,B097J2SCJM,Beneficiale - Strip of 15 Capsules
,B09V3THWPC,BENEFIT - Strip of 10 Tablets
,B09V3T3P8W,BENEFIT D - Pack of 200 gm Powder
,B087DGJTVM,Benegut - Bottle of 12*5ml Suspension
,B0BR38QMVS,Benegut - Bottle of 5ml Oral Suspension
,B084J1QJH3,Benepack 4 - Strip of 15 Tablets
,B082W9XVGH,Benepack 8 - Strip of 15 Tablets
,B09WBCM4BR,BENEPACK T 4/40 - Strip of 15 Tablets
,B084PQ2BZL,Beneria - Tube of 30gm Gel
,B0BNC2YLZT,Benfato OD - Strip of 10 Tablets
,B09V3TBJ1H,BENFICA - Strip of 10 Capsules
,B08CS5YZCC,Benfica Forte - Strip of 10 Capsules
,B09V3THVDZ,Benfica Forte - Strip of 10 Capsules
,B09V3SGC6J,Benfocare - Strip of 10 Capsules
,B09V3S68QW,Benfoceum - Strip of 10 Capsules
,B09V3T3GX6,BENFOCHOICE - Strip of 10 Tablets
,B0BR3BZY1X,Benfogen - Strip of 10 Capsules
,B09V3SKXMP,Benfokind - Strip of 10 Capsules
,B09ZPN1D48,Benfolyst - Strip of 10 Capsules
,B09SQGM7N3,BENFOLYST-D - Strip of 10 Tablets
,B09V3SZJ4H,Benfomega - Strip of 10 Capsules
,B0BLBPCPFW,Benfomega XL - Strip of 10 Capsules
,B097HZXQZX,Benfomet - Strip of 10 Capsules
,B0861YY5NL,Benfomet Forte - Strip of 10 Tablets
,B084N5T3RJ,Benfomet Plus - Strip of 10 Tablets
,B09DDGNKD3,Benfonar - Strip of 10 Capsules
,B09V3TP269,Benfonyle - Strip of 10 Capsules
,B087DM1Q1Y,Benforce-M - Strip of 10 Tablets
,B09V3SQFQ5,Benfosafe - Strip of 10 Tablets
,B0BQ6X8K3P,Benfostar - Strip of 10 Capsules
,B0BLBX1RHK,Benfostar - Strip of 10 Tablets
,B097J1SYJB,Benfosules - Strip of 10 Capsules
,B08YS2FSYS,BENFOTABS - Strip of 10 Tablets
,B09V3TY3X2,BENFOVIT - Strip of 10 Capsules
,B09V3T87Y4,Bengel 2.5% m - Tube of 30 gm Cream
,B08X4FKSD4,Bengel AC 2.5% - Tube of 30g Gel
,B09SQHZDHT,BENGREAT-4MG - Strip of 10 Tablets
,B09LVSD4Z7,Bengreat-8MG - Strip of 10 Tablets
,B09V3SW4S4,Benibuz-8 - Strip of 10 Tablets
,B084J1995P,Benidin 4 - Strip of 10 Tablets
,B09C2S3VDP,Benidin 4 - Strip of 15 Tablets
,B0833PM4Z9,Benidin 8 - Strip of 10 Tablets
,B09F3YTYHK,Benidin 8 - Strip of 15 Tablets
,B09WBC62B3,Benidin M 25 - Strip of 10 Tablets
,B09WBB7B8M,Benidin M 50 - Strip of 10 Tablets
,B0BLCJC3YK,Benidin M 50 - Strip of 15 Tablets
,B0BQ6YHYNB,Benidin M 50 - Strip of 15 Tablets
,B084J1K2JB,Benidin T - Strip of 10 Tablets
,B083BX8D4C,Beniduce 4 - Strip of 10 Tablets
,B0837BW9CY,Beniduce 8 - Strip of 10 Tablets
,B09WBBH3KY,BENIFLO 4MG - Strip of 10 Tablets
,B09ZPM1Q2W,Beniflo 4MG - Strip of 15 Tablets
,B09STXZQDN,BENIFLO 8MG - Strip of 15 Tablets
,B0B9MSHDCJ,Benilio Forte - Strip of 10 Tablets
,B0BB2T2TXJ,Benilio Forte - Strip of 10 Tablets
,B09V3W9QCX,Benipack 4 - Strip of 15 Tablets
,B0BQ6XGNM3,Benipack 8mg - Strip of 15 Tablets
,B0BB6HZJCC,Benipath 4mg - Strip of 10 Tablets
,B0BNC2Y9Z6,Benipel-4mg - Strip of 10 Tablets
,B09V3T29V5,Benipres 4mg - Strip of 30 Tablets
,B0BQM58R27,Benipres 8mg - Bottle of 30 Tablets
,B09V3SZLNR,BENISTAR 4MG - Strip of 10 Tablets
,B0BB6JGJVC,Benisto 4mg - Strip of 10 Tablets
,B0839SZ64F,Benitec A - Strip of 10 Tablets
,B082MHDLTC,Benitowa 4 - Strip of 10 Tablets
,B09XQR5XRN,Benitowa 4 - Strip of 15 Tablets
,B09WBC8JJG,BENITOWA 4 - Strip of 15 Tablets
,B082L5745W,Benitowa 8 - Strip of 10 Tablets
,B09WBB8TH2,Benitowa 8 - Strip of 15 Tablets
,B0839TX7Q2,Benitowa Beta 25 - Strip of 10 Tablets
,B09XQN1W8D,Benitowa Beta 25 - Strip of 15 Tablets
,B09L84RLJ9,Benitowa CH - Strip of 15 Tablets
,B09WBC8K3V,BENITOWA TM 4/40 - Strip of 15 Tablets
,B0839TX7Q1,Benitowa Trio - Strip of 10 Tablets
,B09XQR5R3C,Benitowa Trio - Strip of 15 Tablets
,B09SQGL61H,BENITOWA-BETA 50MG - Strip of 10 Tablets
,B09XQR48KW,BENITOWA-BETA 50MG - Strip of 15 Tablets
,B09ZPS1F33,Benitowa-CH - Strip of 10 Tablets
,B09LVQL6QW,Benitowa-TM - Strip of 10 Tablets
,B083468945,Benlong-4 - Strip of 10 Tablets
,B08345PHZN,Benlong-8 - Strip of 10 Tablets
,B0BNBZRP76,Benmac - Strip of 10 Tablets
,B09V3SR8FS,Benmec - Strip of 10 Capsules
,B09V3VQZ45,Benmont L - Strip of 10 Tablets
,B0BLBRJLLN,Benoquin - Tube of 30g Cream
,B0BQ6YXGMH,Benoquin - Tube of 30g Cream
,B0BNC29T3T,Bensoft-C - Tube of 20g Gel
,B0BLC2PKK3,BenTablet Plus - Strip of 10 Tablets
,B0BQ6Y21TQ,BenTablet Plus - Strip of 10 Tablets
,B09V3SGC9K,BENTHAI FORTE - Strip of 10 Capsules
,B088GF8TWT,Benther - Ampoule of 2 ml
,B09V3SS87L,Bentonite Plus - Strip of 10 Tablets
,B09ZPPZCF6,Bentoz 20MG - Strip of 15 Tablets
,B09BBBXZK1,Benuvo - Strip of 10 Tablets
,B0B9LGV4VV,Benvika Forte - Strip of 10 Tablets
,B0BB2TL13S,Benvika Forte - Strip of 10 Tablets
,B09V3TTBB6,BENXL - Strip of 10 Tablets
,B09V3TF4CM,BENXOP - Tube of 2.5 gm Gel
,B09V3S82MT,Benxop 5 - Tube of 20 gm Gel
,B09V3T36BT,BENZ - Strip of 12 Capsules
,B09SQK4YN2,BENZ ADP - Tube of 15g Gel
,B09WBB6ZX7,Benz ADP - Tube of 30 gm Gel
,B09V3SHM27,BENZ PEARLS 100MG - Strip of 10 Capsules
,B086542F7K,Benzac AC 2.5% - Tube of 20 gm Gel
,B09V3SWKM5,BENZAC AC 2.5% - Tube of 30 gm Gel
,B09L848W8R,Benzac AC 2.5% - Tube of 30g Gel
,B09V3TD1Z5,Benzac AC 5% - Tube of 15 gm Gel
,B085LVKMRT,Benzac AC 5% - Tube of 20gm Gel
,B09V3SXW86,BENZAC AC 5% - Tube of 30 gm Gel
,B09L84RF8Q,Benzac AC 5% - Tube of 30g Gel
,B09V3TTBKR,BENZADAF - Tube of 15 gm Gel
,B0BQM4B2GP,BENZER 2.5% - Tube of 15g Gel
,B0BNC1M46K,Benzoflamm - Tube of 30g Gel
,B089Z96MCZ,Benzoheal-5 - Tube of 20gm Gel
,B0BNC312T7,Benzol 10% - Bottle of 60ml Lotion
,B09V3SS3T8,BENZON OZ - Strip of 10 Tablets
,B09TKSPQJM,Benzonext 2.5% - Tube of 20 gm Cream
,B09TKSTLKV,Benzonext 5% - Tube of 20 gm Cream
,B09V3SFXLL,Benzonix - Tube of 50 gm Gel Wash
,B08BCWCZTF,Benzoxide 2.5% - Tube of 20gm Gel
,B08BCV71QD,Benzoxide 5% - Tube of 20gm Gel
,B09V3TJR9G,Benzyzine - Strip of 10 Tablets
,B09WBCPGWH,BEPARINE - Vial of 25000 IU Injection
,B087PLW37W,Beparine - Vial of 5 ml Injection
,B09V3TKQGX,BEPEROX - Tube of 15 gm Duo Gel
,B087PM16GK,Beplex Forte - Strip of 20 Tablets
,B09V3TY1NY,BEPLEX FORTE - Vial of 10 ml Injection
,B09V3V5ZCP,BEPLEX FORTE - Vial of 2 ml Injection
,B08YS5VFDP,BEPLEX FORTE MONO - Vial of 11 ML Injection
,B08WT1WHB5,Beplex Forte Plus Elixir - Bottle of 120ml Syrup
,B0BLBQBBYQ,Beplex Lz - Strip of 15 Capsules
,B0BQ6XHN19,Beplex Lz - Strip of 15 Capsules
,B0BB6M18GD,Beplex Nu Capsule 10's
,B0BB6GNX64,Beplex Plus - Vial of 11ml Injection
,B0BQM5P8JW,Beplex Plus Elixir - Bottle of 120ml Syrup
,B08WT3M9YC,Beplex-LZ - Strip of 10 Tablets
,B08K9LD47Z,Bepodrops 1.5% w/v - Bottle of 5ml Drops
,B089KZCQGB,Bepofree 1.5% - Bottle of 5ml Eye Drops
,B0842PDBG1,Bepomac - Strip of 10 Tablets
,B09STWV3F6,BEPOSURGE 1.5% W/V - Bottle of 5ml Drops
,B0BNC34DYF,Bepotime 1.5% W/V - Bottle of 5ml Eye Drops
,B0845FRVPL,Bepozal - Strip of 10 Tablets
,B083YGPXN2,Bepozic - Strip of 10 Tablets
,B09V3W1DBX,BEPRIDE 1MG - Strip of 10 Tablets
,B09V3W1FF3,BEPRIDE 2MG - Strip of 10 Tablets
,B0BNC2L7YQ,Bepride 4mg - Strip of 10 Tablets
,B09V3VJP8K,Bepride MF - Strip of 10 Tablets
,B09V3SR5D1,BEPRIDE SF - Strip of 10 Tablets
,B097J1XTTL,Berbeshine - Strip of 10 Tablets
,B0BNC3P917,Berbicure Softgel - Strip of 10 Capsules
,B09V3T1VWC,Berbitol - Strip of 10 Tablets
,B0BNC2WFZY,BERIRAB P 300IU - Vial of 2ml Injection
,B08WKC41FY,Berirab-P 300 IU - Pre-filled Syringe of 300 IU Injection
,B09SQHSBJ9,BERITOL - Strip of 10 Tablets
,B09V3RGGVC,Berocin CZ - Strip of 10 Capsules
,B084BDQH9N,Berocin-CZ - Strip of 10 Capsules
,B09V3T21Y8,BEROCIN-DZ - Strip of 10 Tablets
,B0BNC2BBNN,Berryvit QZ - Strip of 10 Tablets
,B0BQ6XF7PY,Besicor 2.5 mg - Strip of 10 Tablets
,B09ZPT5WBM,Besicor 2.5MG - Strip of 15 Tablets
,B09V3TQBPB,BESICOR 5MG - Strip of 10 Tablets
,B09XQNBKRN,BESICOR 5MG - Strip of 15 Tablets
,B09V3SGR14,BESICOR AM 2.5 - Strip of 15 Tablets
,B0BQM454WP,Besicor AM 5 - Strip of 15 Tablets
,B09V3THT2T,BESILET-12MG - Strip of 10 Tablets
,B0BQM6V93H,Besilet-6mg - Strip of 10 Tablets
,B09TKT718Q,Besix - Bottle of 5 ml Eye Drops
,B0BB6GCN9R,Besoft Plus - Strip of 10 Tablets
,B0BQM353S3,Bespro - Bottle of 200g Powder
,B0BR39KDFM,Best 22 - Strip of 15 Tablets
,B0BB71NKMQ,Best Beta 25mg - Strip of 10 Tablets
,B09SQHVM4V,BEST BETA 50 MG - Strip of 10 Tablets
,B09ZPPZBRV,Best Beta AM 25MG - Strip of 10 Tablets
,B09V3STWQN,Best Neuron - Strip of 15 Capsules
,B0BNBZXHS7,Best Qm - Strip of 10 Tablets
,B0BNC3BCMJ,Bestace - Strip of 10 Capsules
,B09V3SZZS3,Bestace-Q - Strip of 10 Capsules
,B09V3V19RF,Best-Beta-AM 50 - Strip of 10 Tablets
,B0BQM3KB5G,Besten - Strip of 10 Capsules
,B09V3T8835,BESTFEX-180 - Strip of 10 Tablets
,B0BNC35C3Z,Bestflow-D - Strip of 10 Tablets
,B0B9P1W8C6,Bestiron - Bottle of 15ml Drops
,B0BB6H61B5,Bestiron - Bottle of 15ml Drops
,B0BB6K7N3K,Bestiron - Strip of 10 Tablets
,B0BB6DL9S5,Bestiron Syrup 1's
,B097J22PKY,Bestogesic 1.16% - Tube of 30g Gel
,B0BLCZ7HWZ,BESTOGESIC PLUS - Strip of 10 Tablets
,B0BQ6ZF53X,BESTOGESIC PLUS - Strip of 10 Tablets
,B0BLBSD7JD,BESTOPICN - Tube of 10g Ointment
,B089H328TZ,Bestopic-N - Tube of 10gm Cream
,B0837BY22J,Bestor 5 - Strip of 10 Tablets
,B0839V2KY5,Bestor FN 10 - Strip of 10 Tablets
,B083FBZYSK,Bestor-10 - Strip of 10 Tablets
,B083FC8ZJY,Bestor-20 - Strip of 10 Tablets
,B09V3TNZ42,Bestovol Inhalent Softgel - Strip of 10 Capsules
,B087PMD756,Bestozyme - Bottle of 15 ml Drops
,B087PLTGDJ,Bestozyme - Bottle of 200 ml Syrup
,B087DFG8R7,Bestozyme - Bottle of 60Ml Paediatric Syrup
,B09SQGKQJN,BESTOZYME - Strip of 15 Capsules
,B0BB2QJNVH,Besule - Strip of 15 Capsules
,B083BWXTMN,Beta Anxit- 20 - Strip of 10 Tablets
,B0BQ6X3439,Beta Ec 25Mg - Strip of 10 Tablets
,B09V3T7C19,BETA MET XL 25MG - Strip of 10 Tablets
,B0BQM4WVBC,Beta Natural Gentle Protection Immortelle - Bottle of 20ml Intimate Wash
,B09V3WBB2L,BETABEST 25MG AM - Strip of 10 Tablets
,B09LVW7BLP,Betabest AM -50MG - Strip of 10 Tablets
,B09LVVKB1F,Betabest XL 50MG - Strip of 10 Tablets
,B0BB6N8DHK,BETABLEST XL 25MG TABLET
,B08345VRQT,Betabrim - Bottle of 5 ml Drops
,B084N5PQX2,Betacap 10 - Strip of 10 Tablets
,B0842QCJQQ,Betacap 20 - Strip of 10 Tablets
,B084PVG6S3,Betacap Plus 10 - Strip of 10 Capsules
,B084N2M9TD,Betacap Plus 5 - Strip of 10 Capsules
,B084PQP1RX,Betacap TR 20 - Strip of 10 Capsules
,B0842QHQTC,Betacap TR 40 - Strip of 10 Capsules
,B084N2VNKQ,Betacap TR 60 - Strip of 10 Capsules
,B084N34ZS5,Betacap TR 80 - Strip of 10 Capsules
,B0837BMJBG,Betacard 25 - Strip of 14 Tablets
,B0837C9PNF,Betacard 50 - Strip of 14 Tablets
,B0837BFHJN,Betacard AM - Strip of 10 Tablets
,B0BQM1PTK4,BETACARD AM - Strip of 10 Tablets
,B08BXFTNSB,Betacard AM - Strip of 15 Tablets
,B09V3VMSGS,BETACON ER 50MG - Strip of 10 Capsules
,B09V3T611P,BETADEK - Pack of 30 Tablets
,B0BR39TQ23,Betaderm - Tube of 30g Cream
,B09V3STRC5,Betaderm 0.025% - Bottle of 30 ml Lotion
,B0BLBS9XNY,Betaderm G - Tube of 30g Cream
,B0BQ6YRPP2,Betaderm GM - Tube of 10g Cream
,B09V3TXQTQ,Betaderm Z - Tube of 30 gm Cream
,B097J39S2R,Betadine - Strip of 10 Vaginal Pessaries
,B09BBBXZG4,Betadine 10% - Bottle of 100 Ml Solution
,B097FG6425,Betadine 10% - Tube of 20g Ointment
,B084BDTWHZ,Betadine 10% w/v - Bottle of 100 ml Standerdised Microbial Solution
,B0861ZCBF4,Betadine 10% w/v - Bottle of 500 ml Standardised Microbial Solution
,B084J1ZRRS,Betadine 10% w/w - Tube of 15 g Ointment
,B097J16FCR,Betadine 5% - Bottle of 1L Standardised Microbicidal Solution
,B09ZPRLJ8P,Betadine 5% - Pack of 250 gm Ointment
,B097J45DDX,Betadine 5% - Tube of 125g Ointment
,B09F45FB3G,BETADINE 5% - Tube of 25g Ointment
,B097J4ZV5D,Betadine 5% w/v - Bottle of 500 ml Standardised Microbial Solution
,B0861Z5Q8V,Betadine 5% w/w - Bottle of 10gm Powder
,B0BHJJMNDX,Betadine 7.5 - Bottle of 500ml Surgical Scrub
,B0BQM42JGQ,Betadine 7.5% - Bottle of 500ml Scrub
,B097J158CB,Betadine 7.5% - Bottle of 50ml Surgical Scrub
,B09ZPN5867,Betadine First Aid - Bottle of 50 ml Solution
,B084BF484T,Betadine Germicide Gargle 2% - Bottle of 100 ml Solution
,B084BDZC6V,Betadine Germicide Gargle 2% - Bottle of 50 ml Solution
,B09BB9XDQG,Betadine Mint - Bottle of 50 Ml Gargle Solution
,B08C3FV4W8,Betadon Tr 40 Mg - Strip of 10`Stablets
,B084J1P47V,Beta-EC - Blister Pack of 15 Capsules
,B0845FS7N6,Betafree - Bottle of 5 ml Eye Drops
,B0BLC2FSTK,Betagel - Tube of 15g Ointment
,B0BQ6WZ5XX,Betagel - Tube of 15g Ointment
,B0845FXVT6,Betagel - Tube of 20gm Cream
,B0845FSFRK,Betagel-G - Tube of 20gm Cream
,B082WRSGGR,Betaglim-1 - Strip of 10 Tablets
,B09V3TDS83,BETAGLY M1 - Strip of 10 Tablets
,B0BNC399QJ,Betagly M3 - Strip of 10 Tablets
,B0BB6GMPN9,Betagold 16 - Strip of 10 Tablets
,B0BB6F4XG4,Betagold 24 - Strip of 10 Tablets
,B0BB6JFGMD,Betagold 8 - Strip of 10 Tablets
,B0BB6DRLLD,Betagold OD 24 - Strip of 10 Tablets
,B0BNC1WHS6,BETAGRAIN 40mg TR - Strip of 10 Tablets
,B0BNCRW6KP,BETAGRAIN 80mg TR - Strip of 10 Tablets
,B09V3SSTM8,BETAHANS 16 - Strip of 15 Tablets
,B0BNCD51NX,Betahans 8mg - Strip of 15 Tablets
,B0BB6GK5XY,Betahist Fort Tablet 10's
,B0BB6H57QN,BETAHIST TABLET
,B0892RMTKH,Betahistol 16mg - Strip of 10 Tablets
,B0BNC3DC3Y,BETAHISTOL 16mg - Strip of 10 Tablets
,B0892RL6QY,Betahistol 8mg- Strip of 10 Tablets
,B084BFMJKS,Betakind Germicide Gargle 2% Mint Flavour - Bottle of 50 ml Solution
,B09WBC1JCQ,Betakind Ready - Bottle of 150 ml Mint Gargle
,B08344356C,Betaloc 100 mg - Strip of 10 Tablets
,B093ZLS9S8,BETALOC 12.5MG - Strip of 10 Tablets
,B081VVKK37,Betaloc 25 - Strip of 30 Tablets
,B08173GR5Q,Betaloc 50 - Strip of 30 Tablets
,B0BNC3SSJF,BETALOL 5mg - Strip of 10 Tablets
,B09V3TVZ2K,BETALYST F-10 - Strip of 10 Capsules
,B0BNC2KFGK,Betamerit XL 25 - Strip of 10 Tablets
,B09V3TSC68,Betamet XL 50 - Strip of 10 Tablets
,B09V3SS93Z,Betamet XL AM - Strip of 10 Tablets
,B09V3SZZX1,BETAMIL GM - Tube of 20 gm Cream
,B081VV9PQC,Betamil GM - Tube of 25 g Cream
,B0BLBLMJV5,Betamil GM - Tube of 30g Cream
,B0BQ6ZFYTJ,Betamil GM - Tube of 30g Cream
,B09DDJV3WP,Betanex Plus - Bottle of 50Ml Lotion
,B087PLJS4P,Beta-Nicardia - Strip of 10 Capsules
,B0842KXVRX,Betaone-XL 25mg - Strip of 15 Tablets
,B0842L9MGS,Betaone-XL 50mg - Strip of 15 Tablets
,B0BR393MHH,Betapic - Bottle of 30ml Lotion
,B0BR38815N,Betapic-G - Tube of 15g Cream
,B0BR38ZNNR,Betapic-GM - Tube of 15g Cream
,B0BNC4485R,BETAPRIDE 15mg - Strip of 10 Tablets
,B09V3V1Y21,BETAPRO FORTE - Strip of 10 Tablets
,B09V3Z6ZH8,BETAPRO-20MG - Strip of 10 Tablets
,B0864MX9PS,Betasalic - Tube of 20 gm Ointment
,B0BQM48HY6,BETASALIC 6 - Tube of 20g Ointment
,B0BNCD9HHY,Betasalic-6 - Tube of 30g Ointment
,B0864YR2BN,Betatrop - Strip of 10 Tablets
,B0BNC83F6N,Betatrust OD 24mg - Strip of 10 Tablets
,B084PQM7NR,Betavert - Strip of 10 Tablets
,B084PPSPN7,Betavert 16 - Strip of 10 Tablets
,B084PPP59K,Betavert 24 - Strip of 10 Tablets
,B084PPKMN2,Betavert OD 24 - Strip of 10 Tablets
,B084PVJZKR,Betavert OD 48 - Strip of 10 Tablets
,B0BNC4DCZN,BETAVIT - Strip of 10 Tablets
,B09V3TGWYK,Betazox 16 mg - Strip of 15 Tablets
,B09V3W8F4T,BETAZOX-24MG - Strip of 10 Tablets
,B09V3W1D9K,BETEALA 20 - Strip of 10 Tablets
,B0BB6HVKNL,Beteala 40 - Strip of 10 Tablets
,B09V3V539N,BETGENTA-Z - Tube of 20 gm Ointment
,B09V3TFGPD,BETHADOXIN - Bottle of 15 ml Drops
,B09V3V524W,BETHADOXIN JUNIOR SUSPENSION 100ML - Bottle of 1 Suspension
,B087DGDQZ6,Bethadoxin-12M - Bottle of 220ml Syrup
,B087PMHZ8Q,Bethadoxin-SG - Strip of 10 Capsules
,B084PQ68NX,Betheran - Strip of 10 Tablets
,B0BQM5LPLB,Bethox - Strip of 10 Tablets
,B09V3SF8VS,BETIN 16MG - Strip of 10 Tablets
,B0BNC3CR4G,BETINE-24mg - Strip of 10 Tablets
,B09V3T76KC,BETNECORT 4MG - Ampoule of 1 ml Injection
,B08173L8H2,Betnesol - Ampoule of 8*1 ml Injection
,B09SQKHTHV,BETNESOL - Bottle of 10ml Drops
,B0861YZTDX,Betnesol - Bottle of 15ml Drops
,B09WBCYM16,BETNESOL - Bottle of 5 ml Drops
,B0834H7HN6,Betnesol - Strip of 20 Tablets
,B0842QGKY1,Betnesol Forte - Strip of 20 Tablets
,B084J12HLT,Betnesol N - Bottle of 5 ml Eye/Ear Drops
,B08YS6P51X,BETNI 4 MG - Ampoule of 1ml Injection
,B084BDYR54,Betnovate - Tube of 20mg Cream
,B09F42FPCP,Betnovate N - Tube of 25g Cream
,B0834H5MZZ,Betnovate-C - Tube of 30 g Cream
,B0834HC7MT,Betnovate-gm - Tube of 20gm Cream
,B081VV1CWP,Betnovate-N - Tube of 20gm Cream
,B0842QQK95,Betnovate-S - Tube of 20 g Skin Ointment
,B087PLTMXF,Betoact - Bottle of 5 ml Eye Drops
,B09WBBDK4R,Betonin - Bottle of 400 ml Syrup
,B0BQM57Q3Z,Betonin AST - Bottle of 170ml Syrup
,B084J1JR47,Betonin AST - Bottle of 200 ml Syrup
,B085J59SN1,Betonin AST - Bottle of 400 ml Syrup
,B09WBCMCXR,BETONIN PLUS - Bottle of 170 ml Syrup
,B09V3SWHFT,Betoxid Fort - Strip of 10 Capsules
,B0BNC3WLR8,Betoxid Plus - Strip of 10 Capsules
,B08X4H6J52,Betsone 0.5mg - Strip of 10 Tablets
,B08WT1SR32,Betsone 4mg - Ampule of 1ml Injection
,B09V3Z6ZHQ,BETT - Vial of 1 ml Injection
,B0B9MLT8PY,Bett Tetanus Vaccine - Vial of 0.5ml Injection
,B0BB2R741L,Bett Tetanus Vaccine - Vial of 0.5ml Injection
,B09V3TBPL1,Bett Vaccine - Vial of 5 ml Injection
,B083YHC548,Betzee - Tube of 15 g Cream
,B083YH58FK,Betzee GM- Tube of 15 g Cream
,B083YH3WSX,Betzee-G - Tube of 15 g Cream
,B0BNCFH79F,Beuglipt-M 20mg/500mg - Strip of 10 Tablets
,B09DDKTGPS,Beurer Ft 09/1 Thermometer (White Or Blue)
,B0BQC54CN1,Beurer Nebuliser-IH 21
,B0BNC2YYXB,Bevac Adult - Vial of 1ml Vaccine
,B087PMCY3H,Bevacirel - Vial of 4 ml Injection
,B0BNC3BTJR,Bevig - Strip of 15 Capsules
,B09WBBLGYF,BEVON - Bottle of 100 ml Syrup
,B085YP9HRQ,Bevon - Bottle of 15 ml Drops
,B087PM2Y6P,Bevon - Bottle of 200 ml Suspension
,B084BDMG7W,Bevon - Strip of 15 Capsules
,B0864NRK7T,Bevon-CD - Strip of 10 Capsules
,B084PPVC9J,Bexilus - Bottle of 30 ml Syrup
,B084PQBY74,Bexilus C - Bottle of 30 ml Syrup
,B0BR38BPX7,Bexol - Bottle of 5ml Drops
,B082WQZW6Q,Bexol - Strip of 10 Tablets
,B082WR66HH,Bexol DT - Bottle of 100 Tablets
,B082WQPN7R,Bexol DT - Bottle of 50 Tablets
,B09V3SR4L7,B-Fill - Strip of 10 Tablets
,B087D4B45K,B-Fit-CD - Strip of 10 Tablets
,B09V3T363F,B-FOLCIN - Bottle of 100 ml Syrup
,B09V3TQBY9,B-FOLCIN - Bottle of 30 ml Drops
,B09V3V53MF,B-FOLCIN - Strip of 10 Tablets
,B0BQ71HGQ3,BFOLCIN - Tube of 10g Gel
,B09V3TTBDX,B-FOLCIN PLUS - Strip of 10 Tablets
,B0BLCJJBB9,B-Folydol Plus - Strip of 15 Tablets
,B0BQ6ZKJB8,B-Folydol Plus - Strip of 15 Tablets
,B0BQM34CRD,B-Fresh LC - Strip of 10 Tablets
,B0BNCD2FDY,B-Gesic-SP - Strip of 10 Tablets
,B09V3V3VZG,B-GLOW LITE - Pack of 75 gm Soap
,B0BR391L3J,B-Glow Plus Night Radiance - Tube of 20g Cream
,B09BBBKZST,Bgr-34 - Bottle of 100 Tablets
,B0BLC68XLS,BGT - Bottle of 100ml Expectorant
,B0BQ7139Q2,BGT - Bottle of 100ml Expectorant
,B09V3TBL6V,Bharglob 16.5% - Vial of 1 ml Injection
,B09V3S83MR,Bharglob 16.5% - Vial of 2 ml Injection
,B08WBHYNDH,B-Hold - Strip of 10 Tablets
,B0BQM378WM,BHT 16mg - Strip of 10 Tablets
,B0BB6GWYLR,Bicatero 50mg Tablet 10's
,B083ZTHMR8,Bicef 250 DT- Strip of 10 Tablets
,B083ZRN8KJ,Bicef 500 DT- Strip of 10 Tablets
,B09V3T5YVJ,BICEF CV 500MG - Strip of 10 Tablets
,B084J1KG43,Bicef-250 - Bottle of 30 ml Dry Syrup
,B08C3G6HVP,Biciphage 1000Mg - Strip of 10`Stablets
,B08X4GDMQW,Bidin LS 0.1% - Bottle of 5ml Drops
,B09LVRMJN5,Bidin LS TM - Bottle of 5 ml Eye Drops
,B09LVSF18G,Bidin T - Bottle of 5 ml Eye Drops
,B09V3TJWXB,Bidin-LS - Bottle of 10 ml Eye Drops
,B09V3WBB28,BIDURET - L - Strip of 10 Tablets
,B09V3VHPHG,BIDURET - Strip of 10 Tablets
,B0842PCMFF,Bifilac - Bottle of 5 gm/50 ml Dry Syrup
,B08NZLW5LY,Bifilac - Box of 5x3 Sachets
,B0861ZFQ58,Bifilac - Sachet of 0.5 gm Powder
,B084BF3WNX,Bifilac - Sachet of 3x0.5g Powder
,B0842QFDQY,Bifilac - Strip of 10 Capsules
,B0845FSY22,Bifilac - Strip of 10 Lozenges
,B084BFBKVF,Bifilac GG - 10 Sachets of 0.75g Granules
,B09WBBF4BC,Bifilac GG - Strip of 10 Capsules
,B09WBB8T88,Bifilac GG DUO - Sachet of 1 gm Vanilla Powder
,B0845FRVPQ,Bifilac HP - Strip of 10 Capsules
,B0BQ6XTHNK,Bifilac ZN - Sachet of 1g Powder
,B09ZPRLGKK,Biflace - Bottle of 5 ml Drops
,B087PLTQB8,BI-Folate - Strip of 10 Tablets
,B09WBD4VV1,BI-FOLATE - Strip of 15 Tablets
,B0BQ6YSCDC,Bi-Folate - Tube of 15ml Mouth Ulcer Gel
,B0BQ6YNGS5,BIFONA - Tube of 20g Cream
,B0BQ6X6NYL,BIFONA 1% W/W - Tube of 50g Cream
,B082W8H4CY,Bifosa 70 - Strip of 4 Tablets
,B0BNBZT16M,Big Nac - Tube of 30ml Gel
,B09ZPP6YRQ,Bigbro 100MG - Strip of 10 Tablets
,B0842PJBVY,Bigbro OD - Strip of 10 Tablets
,B0BNC26JH7,BIGCEF 250mg - Strip of 10 Tablets
,B0BNC3F3VQ,BIGCEF 500mg - Strip of 10 Tablets
,B09V3T4SZN,BIGFIL - Strip of 10 Tablets
,B09V3TZ1FF,BIGFLAM - Strip of 10 Tablets
,B0BNC2VNV2,Bigflora - Strip of 10 Capsules
,B09V3TBC2Z,Bigfun Mint Cool Flav - Sachet of 5 gm Jelly
,B09V3TSC7N,Biggaba-NT 75 mg - Strip of 10 Tablets
,B09V3STLXY,Biglac - Pack of 1 gm Powder
,B0BQM44RSG,Biglac - Strip of 10 Capsules
,B0BNC3HSHH,Biglac-R Orange Flavour - Sachet of 1g Powder
,B09V3TWGXQ,BIG-NAC MR 4 - Strip of 10 Tablets
,B082WBD5F1,Bigomat*500 - Strip of 10 Tablets
,B08GGRL593,Bigomet 250 - Strip of 10 Tablets
,B082VT8VMX,Bigomet 850 - Strip of 10 Tablets
,B09WBCJSSF,BIGOMET M - Strip of 10 Tablets
,B084J1LXMW,Bigomet-SR 1000 - Strip of 10 Tablets
,B082W9GMF6,Bigomet-SR 500 - Strip of 10 Tablets
,B0BNC44H6V,Bigphylin Plus - Strip of 10 Tablets
,B087PLW38L,Bigspas P - Strip of 10 Tablets
,B09V3SC96V,BIGUNYL - Strip of 10 Tablets
,B0BNC3NC4B,Bigvin 2500mg - Vial of 1 Injection
,B0BLBQXQVQ,Bikoba-120 - Strip of 10 Tablets
,B0BQ6ZWGV6,Bikoba-120 - Strip of 10 Tablets
,B084BDSSQ5,BIL 1 - Strip of 10 Tablets
,B09V3SWFDZ,BILACAD 20MG - Strip of 10 Tablets
,B09V3SNR1Q,BILACAD M 20/10MG - Strip of 10 Tablets
,B09V3SW4N7,BILACALM 20MG - Strip of 10 Tablets
,B0BNC2DHRY,Bilachek - Bottle of 60ml Syrup
,B09V3T99JQ,BILACHEK 20MG - Strip of 10 Tablets
,B09V3VMSTV,BILACHEK-M - Strip of 10 Tablets
,B085J66KHV,Bilafav - Strip of 10 Tablets
,B0BLBV7G5P,Bilafav 2.5mg Strawberry Flavour - Bottle of 60ml Oral Solution
,B0BQ6YSP93,Bilafav 2.5mg Strawberry Flavour - Bottle of 60ml Oral Solution
,B09WBD4W33,BILAGRA 2.5MG - Bottle of 60 ml Syrup
,B088GCSJV2,Bilagra 20 mg - Strip of 10 Tablets
,B09STVXXVC,BILAGRA-M - Strip of 10 Tablets
,B09TKT47VM,Bilahenz 20 - Strip of 10 Tablets
,B09TKSSJXX,Bilahenz-M - Strip of 10 Tablets
,B09SQGQ6H1,BILAHIST 20MG - Strip of 10 Tablets
,B0BNC2DH39,Bilahist 40 - Strip of 10 Tablets
,B09WBC2NW3,BILAHIST-M - Strip of 10 Tablets
,B09V3SMHRG,BILAJOY-20 - Strip of 10 Tablets
,B0BNC3914Y,Bilajoy-M - Strip of 10 Tablets
,B0BNC2PVHG,Bilalife 20mg - Strip of 10 Tablets
,B09V3S98TQ,BILALIFE M - Strip of 10 Tablets
,B09ZPT6MWG,Bilambic 20MG - Strip of 10 Tablets
,B093ZK2LYZ,Bilambic M - Strip of 10 Tablets
,B0BNC39CQR,Bilamed 20mg - Strip of 10 Tablets
,B09V3SWHR3,BILAMED-M - Strip of 10 Tablets
,B0BNC54S4D,Bilamine 20mg - Strip of 10 Tablets
,B09V3VQZ38,Bilamove 20 - Strip of 10 Tablets
,B09V3VJP98,BILAMOVE-M 20/10MG - Strip of 10 Tablets
,B09ZPMDB1C,Bilanair 20MG - Strip of 10 Tablets
,B0B9LJ3RFP,Bilanext M - Strip of 10 Tablets
,B0BB2Q6DZQ,Bilanext M - Strip of 10 Tablets
,B09WBC8K26,BILANIX 2.5MG - Bottle of 60 ml Syrup
,B087DGL2YF,Bilanix 20Mg - Strip of 10 Tablets
,B09WBBVPNV,BILANIX FORTE 40 - Strip of 10 Tablets
,B09SQJSK3P,BILANTA 20MG - Strip of 10 Tablets
,B09STZ5YZJ,BILANTA M 20/10MG - Strip of 10 Tablets
,B0944NXBXY,Bilargic M - Strip of 10 Tablets
,B09V3S34RP,BILASET 20MG - Strip of 10 Tablets
,B0BNCM8Z5J,Bilaset-M - Strip of 10 Tablets
,B0895LR34C,Bilashine 20 Mg - Strip of 10 Tablets
,B09WBBDKCC,Bilashine DT 10 - Strip of 10 Tablets
,B09WBCKHC8,BILASHINE-40MG - Strip of 10 Tablets
,B09ZPS2MPX,Bilast 20MG - Strip of 10 Tablets
,B0BNC2LJ9W,Bilast 40 - Strip of 10 Tablets
,B0BB6XK1GJ,Bilastero 20Mg Tablet 10'S
,B0BNC34QMQ,Bilastibel 20 - Strip of 10 Tablets
,B09V3S98ML,Bilast-M 20 mg/10 mg - Strip of 10 Tablets
,B09WBC1TDR,BILASURE 2.5MG - Bottle of 60 ml Solution
,B0864T81R2,Bilasure 20 - Strip of 10 Tablets
,B0BQ6VX3YK,Bilasure 40 mg - Strip of 10 Tablets
,B0BLBPVBZP,Bilasure 40mg - Strip of 10 Tablets
,B09DDBB13V,Bilasure M - Strip of 10 Tablets
,B09V3TRFDP,BILATIS 20MG - Strip of 10 Tablets
,B09V3SNR4S,BILAXTEN 20 - Strip of 10 Tablets
,B08YS34KRT,Bilazap 20 - Strip of 10 Tablets
,B088GF11MX,Bilazest 20 mg - Strip of 10 Tablets
,B0BQM1PTK9,Bilazest Kids - Bottle of 60ml Oral Solution
,B09DDJBNR2,Bilazest M - Strip of 10 Tablets
,B085SM4VPW,Bilazo - Strip of 10 Tablets
,B0BNC5CRF4,Bilbay 20mg - Strip of 10 Tablets
,B09V3STQ9Q,BILBAY M - Strip of 10 Tablets
,B0BNC4K9C5,Bildmune - Sachet of 15x0.6g Powder
,B09V3SQB8Z,BILDMUNE - Strip of 15 Capsules
,B083VFW257,Bilefix 300mg - Strip of 14 Tablets
,B083VG9X3J,Bilefix 600mg - Strip of 14 Tablets
,B0BNC3YVYD,Bilert-20 - Strip of 10 Tablets
,B0BNC2RWFX,Bilert-40 - Strip of 10 Tablets
,B0BR3BB9MY,Bilin - Bottle of 30ml Syrup
,B09ZPRXMSK,Bilkro-M - Strip of 10 Tablets
,B085J5T4YQ,Billargic - Strip of 10 Tablets
,B09WB9ZRGY,BILLARGIC 2.5MG STRAWBERRY FLAVOUR PAEDIATRIC - Bottle of 60 ml Solution
,B09ZPRCDRV,Billargic M - Strip of 10 Tablets
,B0BNC398C3,Bilobax Total - Strip of 10 Tablets
,B0BNC38Z4Q,BiloCapsule - Strip of 10 Capsules
,B0837C5D3C,Bilosar 6.25 - Strip of 10 Tablets
,B087PMD761,Bilovas - Strip of 10 Tablets
,B09V3SMTDL,BILTEN 20MG - Strip of 10 Tablets
,B085LW6KFK,Biluma - Tube of 15 gm Cream
,B09ZDX19D9,Biluma Advance - Bottle of 100ml Face Wash
,B0BQM2CT8C,Biluma Advance - Tube of 50g Day Cream
,B09LVW294P,Biluma Advanced Skin Lightening - Tube of 45g Lotion
,B0895M2S6R,Bilypsa 4 Mg - Strip of 45 Tablets
,B0BNC3TN96,Bilz-MC - Strip of 10 Tablets
,B0BNC212DH,Bimadoc - Bottle of 3ml Eye Drops
,B084BDN1MQ,Bimapix - Bottle of 3 ml Eye Drops
,B0BQM378DR,Bimapix 0.01% W/V - Bottle of 3ml Eye Drops
,B088GH9P1L,Bimat - Bottle of 3Ml Drops
,B087DKM9LP,Bimat LS 0.01 % W/V - Bottle of 3ml Drops
,B09ZPK5RYN,Bimat LS TM - Bottle of 3 ml Eye Drops
,B09LVVRV6R,Bimat -T - Bottle of 3 ml Eye Drops
,B09V3SZDKP,BIMET 500MG - Strip of 10 Tablets
,B09V3SXWP3,BIMINOX LF - Strip of 10 Capsules
,B087PLW38P,Biminox LF - Strip of 10 Capsules
,B0BNC3T76Q,Binaprex ER 250 - Strip of 10 Tablets
,B0BNC2D5R3,Binaprex ER-500 - Strip of 10 Tablets
,B0895LK6Z6,Bindbone - Strip of 10 Capsules
,B09V3TF1G6,Bio D3 Max - Strip of 10 Capsules
,B08X4FKSD2,Bio D3 Max - Strip of 15 Capsules
,B084BDW33G,Bio D3 Plus - Bottle of 120 ml Suspension
,B0BQM5L5KT,Bio Spring - Bottle of 500g Powder
,B0BQ6ZXC2Y,BIO UV SPF 32+ SUNSCREEN - Tube of 50g Lotion
,B0BNC44LL9,Bio Xtra Men - Strip of 10 Tablets
,B09WBCPWDL,Bio-Av Curcumin 500mg - Bottle of 30 Capsules
,B09V3S75KW,Bioberg Ultra - Strip of 10 Tablets
,B09V3TQ2VN,BIOBID-500 - Strip of 10 Tablets
,B0BLBR9M5S,Biobit Forte - Strip of 10 Tablets
,B09WBC7VW6,Bio-BPH - Strip of 10 Tablets
,B0BNC2FCJ8,Biocal M - Strip of 10 Tablets
,B0BNC2XLRK,Biocapillum - Strip of 10 Tablets
,B09V3SJGBX,BIOCART MSM - Strip of 6 Tablets
,B08C3CCD6C,Biocetamol - Bottle of 60 ml Suspension
,B0BLCJNVMX,Biocetamol DS Syrup 60 ml - Bottle of 60ml Syrup
,B09V3SK76T,Biochemdryl - Bottle of 100 ml Syrup
,B09V3TBK68,BIOCHEMDRYL - Bottle of 60 ml Syrup
,B09V3V2XWB,BIOCILIN 500MG - Strip of 10 Capsules
,B0BNC2G1MQ,Biocital SG - Strip of 4 Capsules
,B0BQM4JWGF,Bioclar - Bottle of 30ml Dry Syrup
,B08YS356RW,BIOCLAR 250 MG - Strip of 10 Tablets
,B0BQM4BBZW,Bioclar 250mg - Strip of 10 Tablets
,B09WBD58SX,BIOCLAR-500MG - Strip of 10 Tablets
,B0BNC4V8TZ,Biocod-MX Softgel - Strip of 10 Capsules
,B0BLBSJR1Z,Biocof BR - Bottle of 100ml Syrup
,B09V3W5X65,Biocollaz - Vial of 5 ml Particles
,B09V3V3YDV,BIOCOLLAZ AG - Tube of 10 gm Gel
,B09V3SQJ5V,Biocoltis - Strip of 10 Tablets
,B0BNC25S91,Bio-COQ 10 - Strip of 10 Tablets
,B0BNC315RQ,Biocuperin Softgel - Strip of 10 Capsules
,B0BLCPC8LB,Biocutis - Bottle of 100ml Lotion
,B0BNC4ZCG9,Biocutis - Tube of 100g Cream
,B0BNC3RC3W,Biocutis-UV - Tube of 50g Sunscreen Gel
,B0861T3G5R,Bio-D3 - Strip of 10 Capsules
,B084BDV8GD,Bio-D3 DS - Strip of 10 Capsules
,B082W831J2,Bio-D3 Fem - Strip of 10 Capsules
,B08GJBVZ68,Bio-D3 Fem - Strip of 15 Capsules
,B08WBL4F7V,Bio-D3 Max - Strip of 10 Capsules
,B09WBCPH69,BIO-D3 MOM - Strip of 15 Tablets
,B082W8XWSH,Bio-D3 Plus - Strip of 15 Capsules
,B08W6972HL,Bio-D3 Plus 0.25mcg/500mg - Strip of 15 Capsules
,B082W8QVMV,Bio-D3 Strong - Strip of 10 Capsules
,B09LVPDT2W,Bio-D3 XT - Strip of 15 Tablets
,B0BQM4KH18,Biodens - Strip of 10 Tablets
,B09V3S4R9Q,Biodens Hair - Bottle of 60 ml Lotion
,B09V3TMM7M,Biodens PRO - Bottle of 60 ml Hair Lotion
,B09V3TJBLK,BIODERM - Tube of 10 gm Ointment
,B09DDC295P,Bioderma Atoderm Creme - Tube of 200Ml Ultra Nourishing Cream
,B0BQM2Z9ZD,Bioderma Atoderm Huile De Douche - Bottle of 200ml Cleansing Oil
,B0BR39WNZG,Bioderma Pigmentbio Night Renewer - Tube of 50ml Cream
,B0BR389RJC,Bioderma Pigmentbio Sensitive Areas - Bottle of 75ml Cream
,B09DDGCCXQ,Bioderma Sebium Pain - Pack of 100G Purifying Cleansing Bar
,B0BLC4X29Y,BIODIB-M 15 - Strip of 10 Tablets
,B0BQ6XKQ85,BIODIB-M 15 - Strip of 10 Tablets
,B08C39ZF91,Biodine - Tube of 125gm Ointment
,B0BQM34MTB,BIODINE - Tube of 15g Ointment
,B0BLBQDGZN,Biodipin 5 - Strip of 10 Tablets
,B09V3T719L,Biodoxi-LB - Strip of 10 Capsules
,B0BQM3YY4Q,Biodryl C/F - Bottle of 100ml Syrup
,B0BNC313PS,Biofer XT - Bottle of 200ml Syrup
,B08WKBVYXF,Biofer-S 100mg - Ampule of 5ml Injection
,B097J1754X,Biofer-XT - Bottle of 200ml Suspension
,B08CS5PCNR,Biofer-XT - Strip of 10 Tablets
,B09V3SY2S2,Biofer-XT - Strip of 10 Tablets
,B08XZTTL34,Bioff-OZ 200 mg /500 - Strip of 10 Tablets
,B0BNC2YNYZ,Biofil AB - Bottle of 5ml Particles
,B0BNC3V9S9,Biofil-AB - Bottle of 10ml Particles
,B09V3TW28R,BIOFLUTI-AZ 10ML NASAL SPRAY 70MD - Bottle of 1 Spray
,B09V3S9ZGW,Biofol - Strip of 10 Tablets
,B09ZDN4S23,Biofresh - Bottle of 100ml Mouth Wash
,B0BNC3WSVX,Biofruit Softgel - Strip of 10 Capsules
,B0842KY3PH,Biogaia Protectis - Bottle of 5ml Baby Drops
,B09V3STWMX,Biogaia Protectis - Bottle of 5ml Health Supplement for Gut Comfort
,B09V3TD1WS,Biogaia Protectis Lemon Chewable - Strip of 10 Tablets
,B0BB6M25NJ,Biogene Chewable - Strip of 9 Tablets
,B0BNC37XW1,Biogermina - Bottle of 6x5ml Suspension
,B0BLC3LMV9,Biogesic P - Strip of 10 Tablets
,B0BQ6XCW8L,Biogesic P - Strip of 10 Tablets
,B09V3SZ3D4,Bioglim-MV 2 - Strip of 10 Tablets
,B0BQM4PLHW,Biohair - Strip of 10 Tablets
,B0BQM2V72P,Biohair Plus - Strip of 30 Capsules
,B09V3SMFCT,Bio-Hgf Forte - Bottle of 30 Capsules
,B08C3F6881,Biohistin 8Mg - Strip of 10`Stablets
,B087PLTGFN,Biohomin - Strip of 10 Tablets
,B0BQ6Z6JQC,Biohomin-LS - Strip of 10 Tablets
,B0BNCYVTQW,BIOJOYNT - Strip of 10 Tablets
,B09V3ST7XN,BIOKEZ-AD - Bottle of 60 ml Lotion
,B09V3SSZYH,BIOKOF - Bottle of 100 ml Syrup
,B09LVRRR19,Biokraft - Strip of 10 Capsules
,B0BNC3G7XR,Biolac - Strip of 10 Capsules
,B0BQM3T52D,Bioline - Tube of 10g Lipcare
,B0BQM3K5NP,Bioline - Tube of 40g White Petrolium Jelly
,B0BQM2WRDF,Bioline - Tube of 8g Ointment
,B0BQM4931V,Bioline 20Gm Ointment - Tube of 20g Ointment
,B09V3T5ZWY,Biolin-P - Strip of 10 Tablets
,B0837C8PX4,Biolsar 40 HS - Strip Pack of 10 Tablets
,B09V3TF4FH,BIOMELA - Strip of 10 Tablets
,B09V3TCJ49,Biomulty Soft Gelatin - Strip of 15 Capsules
,B0BNC239GH,Biomus - Tube of 10g Ointment
,B0BB6GY7LW,BIOMUS 0.5MG CAPSULE
,B09LVT2HVV,Biomus 1MG - Strip of 10 Capsules
,B09LVQ28T4,Biomus-2MG - Strip of 10 Capsules
,B0895B72S6,Biomycetin - Bottle of 5 ml Drops
,B09V3SZM6Y,BIOMYCIN - Tube of 15 gm Cream
,B09LVPCG25,Biomyf 500 MG - Strip of 10 Tablets
,B09LVNGBTZ,Biomyf S 360MG - Strip of 10 Tablets
,B09V3TWTCG,Biona-E - Strip of 10 Capsules
,B088GGPB8B,Bionect - Tube of 15 gms Ointment
,B0BNC2GNMF,BIONESP 40MCG - Vial of 0.4ml Injection
,B09DDC2MJL,Bionova - Pack of 50 Disposable Face Mask
,B09DDK4772,Bionova N95 Earloop Face Mask (Grey)
,B09DDHM91K,Bionova N95 Earloop Face Mask (White)
,B09WBB9ZVQ,BIO-OMG 3 SOFTGEL - Strip of 10 Capsules
,B09V3TBQ7G,Biopeg HP - Pack of 1 Kit
,B0BNC2SR63,Biophenicol Succinate - Vial of 1 Injection
,B0BQ6ZY7KT,Biopic Forte - Strip of 10 Tablets
,B08WBL4LZ5,Biopiper TZ 4.5g - Vial of 4.5g Injection
,B09V3SNNX3,Bioplex Forte - Strip of 15 Tablets
,B0BNC3NLTC,Bioplus Forte - Strip of 10 Capsules
,B0BNC4HYGD,Biopolio - Vial of 2ml Vaccine
,B08YRZQZ3Q,BIOPOLIO-Bottle of 2 ML Drops
,B09V3TCGCL,BIOPREGAB 75 MG - Strip of 10 Capsules
,B09V3SC919,BIOPREGB M 75MG - Strip of 10 Capsules
,B087PMJMZM,Biopreg-F - Strip of 10 Tablets
,B09V3SSTVT,BIOPRIDE 2MG - Strip of 10 Tablets
,B088CCM7JG,Biopride M - Strip of 10 Tablets
,B09V3TSC2L,Biopride M2 - Strip of 10 Tablets
,B0BNC4J224,Biopride M2 Forte - Strip of 10 Tablets
,B09V3T116Y,BIOPRIDE-M1 - Strip of 10 Tablets
,B087DH589C,Biopyrin 10Mg/Ml - Bottle of 100Ml Infusion
,B0BNC2G43V,Bio-Q10 - Strip of 10 Tablets
,B0BNBZWWR7,Biorab DSR - Strip of 10 Capsules
,B09V3SWJG1,Biorich Forte - Strip of 15 Tablets
,B09V3V5Z5S,BIOSAFE 5MG - Strip of 10 Tablets
,B094KB4RSR,Bioscalin - Bottle of 50ml Hair Elixir
,B0BB6GYR69,Bioshel Tablet 15's
,B09V3SMKRX,Biosil - Strip of 10 Capsules
,B0BR37MQ3D,Biosilk - Bottle of 150ml Daily Moisturizing Lotion
,B09ZDRFWRH,Biosilk - Tube of 100g Moisturising Cream
,B0BNC3YVYK,Biosone C - Tube of 3g Eye Ointment
,B0BNC13DDQ,Biospa Advance - Strip of 10 Tablets
,B09V3TBC1P,BIOSPAS - Strip of 10 Tablets
,B09V3T619M,BIOSPAS PLUS - Strip of 10 Tablets
,B0BQM4KDFT,Biospring-10 - Strip of 10 Capsules
,B0BNC2N2CY,Biostar F - Strip of 10 Tablets
,B0864PPXHX,Biostar Gold - Blister Pack of 10 Capsules
,B09V3TMMCG,Biostar Gold - Strip of 10 Capsules
,B09V3TK2GG,BIOSTAR GOLD SOFTGEL - Strip of 15 Capsules
,B085J9R915,Biosuganril 10 - Strip of 10 Tablets
,B0BNC1JG66,Biot Fort - Strip of 10 Capsules
,B087PL6Y3C,Biotax - Vial of 250 mg Injection
,B0842NRVSD,Biotax 1 g - Vial of 1g Injection
,B0842NVCRJ,Biotax 500 mg - Vial of 500 mg Injection
,B0842PKNP8,Biotax O 200 CD - Strip of 10 Tablets
,B0842P5BGP,Biotax SB 1.5 g - Vial of 1.5 gm Injection
,B09ZDPFVL3,Biotee Forte - Strip of 10 Tablets
,B09V3SBTBD,Biotee-10 - Strip of 10 Tablets
,B09V3T9CDG,Biotee-Plus - Strip of 10 Tablets
,B0BNC3975G,Biotic-O - Bottle of 5ml Ear Drops
,B09V3TR4JN,BIOTIN 5000MCG - Bottle of 30 Tablets
,B09V3T4M3X,Biotin Plus - Strip of 15 Tablets
,B09V3SZJYV,Biotina - Strip of 10 Capsules
,B0BNC23LSD,BIOTOR 10mg - Strip of 10 Tablets
,B09V3SR2FL,BIOTOR-EZ - Strip of 10 Tablets
,B08YS2XNF3,BIO-TYPH 25mcg - Vial of 0.5 ML Injection
,B08X4GDKKB,Biovac A - Vaccines of 0.5ml Injection
,B0BNC2B8GG,Biovac A - Vial of 0.5ml Vaccine
,B08WBP3M52,Biovac V - Vial of 0.5ml Injection
,B09V3TBH1Q,Biovag - Strip of 10 Capsules
,B0BQM3JTP3,Bioval 200mg - Bottle of 100ml Syrup
,B09V3TS5XR,BIOVAS 10MG - Strip of 10 Tablets
,B09V3T9469,Biovit Junior - Pack of 200 gm Powder
,B0BQM2LMHV,Biovit Mom - Pack of 200g Powder
,B0865422CB,Biovital - Strip of 15 Capsules
,B0BLC1YL91,Biovit-D - Bottle of 200g Powder
,B09DDL7H9C,Biovit-Xt - Strip of 10 Capsules
,B0BNC1XK34,Biovit-XT - Strip of 10 Capsules
,B0BNC3GQFT,Biovorin 15 - Strip of 10 Tablets
,B085J68LHX,Biozara 282.5 mg - Sachet of 0.85 gm Powder
,B0BNC15CJ3,Biozep Plus - Strip of 10 Tablets
,B0BLCR6RP7,Biozim - Strip of 10 Tablets
,B0BQ6ZY99H,Biozim - Strip of 10 Tablets
,B09TKT5S19,Biozobid - Strip of 10 Tablets
,B0BLBRRC51,Biozobid Plus - Strip of 10 Tablets
,B0BQ6X9N11,Biozobid Plus - Strip of 10 Tablets
,B08C3F3R3L,Biozocin 5Xl - Strip of 15 Tablets
,B09V3T881S,BIOZORA 282.5MG - Sachet of 1 ORANGE & VANILLA FLAV G/F PAED Powder
,B0BQ6X7FFY,Bipra 20 - Strip of 15 Tablets
,B09LVS6F4D,Biq Plus 900MG Emulsion - Bottle of 150 ml Syrup
,B09V3TJX6N,BIQOL - Bottle of 500 ml Mouth Wash
,B09V3TP2TD,BIQOL 0.15% W/V - Bottle of 300 ml Mouth Wash
,B0BNC31DHB,Biqol Xero - Bottle of 100ml Mouth Spray
,B0BNC23VX6,Biqol-XF - Tube of 100g Toothpaste
,B0BNC2JSFH,BISBETA 1.25mg - Strip of 10 Tablets
,B0BLBQTQVT,BISBETA 2.5MG - Strip of 10 Tablets
,B0BLBVJ5S3,Bisbeta 5mg - Strip of 10 Tablets
,B09V3TCTHP,Bisbloc 2.5 - Strip of 10 Tablets
,B09V3T63BK,BISBLOC-5MG - Strip of 10 Tablets
,B0834HKN94,Biselect 10 - Strip of 10 Tablets
,B0834H58QL,Biselect 2.5 - Strip of 10 Tablets
,B0834H6R5Q,Biselect 5 - Strip of 10 Tablets
,B0BLBR54GK,Bisgram - Strip of 10 Tablets
,B0BNC3CV37,Bislo-5 - Strip of 15 Tablets
,B0BNBZTJHS,Bismozyme - Bottle of 100ml Syrup
,B0BNC18T43,Bismozyme - Bottle of 450ml Liquid
,B0BLBR67HP,Bisobis 2.5 - Strip of 10 Tablets
,B0BQ6YN7MP,Bisobis 2.5 - Strip of 10 Tablets
,B0BLC8JP47,Bisobis 5 - Strip of 10 Tablets
,B0BLBSPCLT,Bisobis A 5 - Strip of 10 Tablets
,B0BQ6X769D,Bisobis A 5 - Strip of 10 Tablets
,B0BB6CHKK8,Bisocar 2.5mg - Strip of 10 Tablets
,B09ZPR71BN,Bisoheart AM 2.5MG - Strip of 10 Tablets
,B084J14PMV,Bisoheart-2.5 - Strip of 10 Tablets
,B083GFZN4T,Bisoheart-5 - Strip of 10 Tablets
,B09TKSVLGF,Bisoheart-AM 5 - Strip of 10 Tablets
,B0BNCG51QZ,Bisolong-2.5mg - Strip of 10 Tablets
,B09V3SQCG7,BISOLONG-5MG - Strip of 10 Tablets
,B09V3SLTSD,BISONEXT 10 - Strip of 15 Tablets
,B09LVVRWVM,Bisonext 2.5 - Strip of 15 Tablets
,B09ZPSC7G5,Bisonext 5 - Strip of 15 Tablets
,B09V3SXWPT,BISONEXT AM 2.5 - Strip of 15 Tablets
,B09V3SN3Q5,BISONEXT AM 5 - Strip of 15 Tablets
,B0BNC9GZQ6,Bisonol-5mg - Strip of 10 Tablets
,B08G5LVD2T,Bisosafe 2.5mg - Strip of 10 Tablets
,B09ZPPWCRF,Bisosafe 5MG - Strip of 10 Tablets
,B09SQJWHYC,BISOTAB 2.5MG - Strip of 10 Tablets
,B09SQJSB6D,BISOTAB 5MG - Strip of 10 Tablets
,B083VFPZV7,Bispec 10mg - Strip of 15 Tablets
,B083VFYSNF,Bispec 5mg - Strip of 15 Tablets
,B09V3SZGW4,Bistas - Strip of 8 Tablets
,B09V3T949D,BISTHERA 120MG - Strip of 8 Tablets
,B09V3SN4X7,Bistla - Strip of 10 Capsules
,B09V3SPKJP,BISTLA FORTE - Strip of 10 Capsules
,B0BQ6X28DW,Bisveda-5 - Strip of 10 Tablets
,B0BNC56JKD,Bitatel M 3D 50 - Strip of 10 Tablets
,B0BLBQPKS2,Bitavia-12 - Strip of 10 Tablets
,B0BQ6XCFCL,Bitavia-12 - Strip of 10 Tablets
,B087PLTMXY,Bizfer-XT- Strip of 10 Tablets
,B083YG891L,Bizlo 10 mg - Strip of 10 Tablets
,B083YGQ1JK,Bizlo OD 20 mg - Strip of 10 Tablets
,B09ZPP47GW,Bizlo OD 30MG - Strip of 10 Tablets
,B0BNC54YKH,Bizy Tablets O - Strip of 10 Tablets
,B0BR38PT3S,Bizytab Forte - Strip of 10 Capsules
,B09V3SWHRH,Bjoy 20 - Strip of 10 Tablets
,B09V3THR7H,B-Joy LSR - Strip of 10 Capsules
,B09V3SK39Z,B-Joy Plus - Strip of 10 Capsules
,B085SM8Y3R,BL 24 - Strip of 10 Tablets
,B09V3SZJ62,BLACKCROWN FORTE - Bottle of 60 ml Solution
,B082L51PPF,Bladmir 50 - Strip of 10 Tablets
,B09WBB9ZWD,Bladmir S 50 - Strip of 1 Combikit Tablets
,B082W7WFJF,Bladmir-25 - Strip of 10 Tablets
,B09ZPL8X1N,Bladmir-S 25MG Combikit - Pack of 1 Tablet
,B0BQM2LMJ1,Bladmir-S 50 - Strip of 10 Tablets
,B082W82ZZB,Bladospas - Strip of 10 Tablets
,B0BNC3FZV3,B-Last - Strip of 10 Tablets
,B09V3SR558,Blastofix - Strip of 10 Tablets
,B0BQM2GFF1,Bld - Strip of 10 Tablets
,B09BB6FBXW,Bleminor -Tube of 30 Ml Cream
,B0BNC1RKL4,BLEOCIP 15mg - Vial of 1 Injection
,B0BNC3TR9R,Blieu Softgel - Strip of 10 Capsules
,B09BBB7YLX,Blise - Tube of 100 G Face Wash Gel
,B0BQM3Y5DH,Bliss - Tube of 50g Cream
,B0BB69T467,Blissvita Suspension 200 ml
,B082WS4MFP,Blisto - 2 - Strip of 10 Tablets
,B082WS1JQM,Blisto - 4 - Strip of 10 Tablets
,B082WS4NW9,Blisto Trio 1 - Strip of 10 Tablets
,B082WRS5DY,Blisto Trio 2 - Strip of 10 Tablets
,B08345GR9R,Blisto-1 - Strip of 10 Tablets
,B085LYRT28,Blisto-1MF - Strip of 10 Tablets
,B0831T36QQ,Blisto-2 MF - Strip of 10 Tablets
,B0831VD13N,Blisto-4 MF - Strip of 10 Tablets
,B09V3SZ6GQ,B-LIV - Strip of 10 Tablets
,B09V3SSDKS,Bloateez - Strip of 10 Tablets
,B09V3T4R7N,Blocid 20 - Strip of 10 Tablets
,B09V3SPJR5,BLOFEN-OD 20MG ER - Strip of 10 Tablets
,B09V3TBK85,BLOMIG 10MG - Strip of 10 Tablets
,B087DL7HCY,B-Long 100mg - Strip of 10 Tablets
,B08BXFXVTN,B-Long 100mg - Strip of 30 Tablets
,B08NYBQSLH,B-LONG F - Strip of 30 Tablets
,B085LYYS7W,B-LONG F 100mg+5mg - Strip of 10 Tablets
,B08346FZY3,Blonitas 2 - Strip of 10 Tablets
,B08345XJ2K,Blonitas 4 - Strip of 10 Tablets
,B08345DW8M,Blonitas 8 - Strip of 10 Tablets
,B0BQ71S829,Blood Set Romsons
,B0BNCRW6KJ,Bloomglow - Tube of 20g Cream
,B09V3TW29D,Blowcid D - Strip of 10 Capsules
,B0BLBTRXKD,Blson 20 - Strip of 10 Tablets
,B0BQ6ZG1CH,Blson 20 - Strip of 10 Tablets
,B0BQ6Y1TVD,Blu Dye 0.06% - Bottle of 1ml Injection
,B0BLCJC2LC,Blu Dye 0.06% - Vial of 1ml Injection
,B09V3TY1S2,BLUDEC-SP - Strip of 10 Tablets
,B083ZSTC1H,Bludrox 250 DT - Strip of 10 Tablets
,B083ZSRRZK,Bludrox 500 mg - Strip of 10 Tablets
,B08BLW6755,Blueject - Vial of 10ml Injection
,B08WR562L7,Blukof - Bottle Of 100 Ml Syrup
,B08345S5LT,Blumeta - Strip of 15 Tablets
,B084J211N5,Blumeta 25 - Strip of 15 Tablets
,B083ZSCXQH,Blumox 250 DT- Strip of 15 Tablets
,B0845FHXWV,Blumox CA 228.5 mg - Bottle of 30 ml Dry Syrup
,B083ZRN8KH,Blumox CA 375 mg - Strip of 10 Tablets
,B083ZS4RDP,Blumox CA 625 mg- Strip of 10 Tablets
,B0BNC2FCHW,BLUMOX CA 625mg - Strip of 6 Tablets
,B087PM3N2J,Blumox-500 - Strip of 10 Capsules
,B08NZPBJ46,Blumox-500 - Strip of 15 Capsules
,B08YRXDZN8,BLUMOX-CA 1000 MG /200 - Vial of 20 ML Injection
,B087PMHW72,Blumox-Plus - Strip of 10 Capsules
,B085LZ7CMN,Blumox-Plus - Strip of 15 Capsules
,B0BLCDVNT5,Bluvit D3 800IU - Bottle of 30ml Drops
,B09ZPLCX9T,Bluvit D3 Granules - Sachet of 1 gm Powder
,B0BNC44VF7,BLUVIT-CZ CHEW - Strip of 15 Tablets
,B0BB6DXHXX,Blynds AC SPF 30+ Sunscreen - Tube of 50g Gel
,B09SQJ284T,BLYNDS SPF 40+ PA+++ - Tube of 50g Emulgel
,B09V3T5ZZ6,BMA - Strip of 10 Capsules
,B0BQM51G1K,BMD - Strip of 10 Tablets
,B09V3TKNN1,BMD PREG - Strip of 10 Tablets
,B09V3T3T28,BMD Rise Nasal Spray 6 ml - Bottle of 1 Spray
,B09V3SPJV9,BMD-HEAL - Strip of 10 Tablets
,B0BQM2TJNQ,Bmg-Gold Softgel - Strip of 10 Capsules
,B09V3SZH14,BMP FORTE - Strip of 10 Tablets
,B09V3SPJHV,B-N-C - Bottle of 200 ml Syrup
,B09V3TVXXP,BOLAX 5MG - Strip of 10 Tablets
,B09V3SPJCX,BOLOFEN XL-10 - Strip of 10 Capsules
,B08YRXFS8H,BOLSTRAN 150 MG - Vial of 2ml Injection
,B09V3TGWYJ,BOMBAST - Strip of 10 Tablets
,B09WBBXM21,BON AQUA - Strip of 15 Tablets
,B084BDYF4Z,Bon DK 60K - Strip of 4 Capsules
,B09LVRP68V,Bon DK Shot - Bottle of 4X5 ml Solution
,B0BQ6WDXNT,Bon DK Shot - Bottle of 5ml Solution
,B084J211KP,Bon K2 HD - Strip of 10 Tablets
,B09WBBVHQR,BON NXT - Strip of 15 Tablets
,B09V3SLN38,Bonabona - Strip of 10 Capsules
,B09V3T3D8Y,Bonabond - Strip of 10 Capsules
,B09V3T25KR,Bonact - Strip of 10 Capsules
,B0BNC1Z158,Bonagen - Strip of 10 Tablets
,B0BQ6ZM4MK,Bonami Plus - Strip of 10 Tablets
,B0BNC33Z8S,Boncal Forte - Strip of 15 Tablets
,B0BNC3BCNF,Bondense Cc - Strip of 10 Tablets
,B09V3VJQJ9,BONDFLEX-SP - Strip of 10 Tablets
,B09V3STX26,Bone C Plus - Strip of 15 Capsules
,B09V3SWJQ7,BONE -GD - Strip of 10 Tablets
,B09V3T9BM4,BONE K2 - Strip of 10 Tablets
,B0B9MRHTGW,Bonebase - Strip of 10 Capsules
,B0BB2V38GR,Bonebase - Strip of 10 Capsules
,B09V3SJFSS,BONEBASE F 40 - Strip of 10 Capsules
,B0895LHX2W,Bonebase F-40 - Strip of 10 Capsules
,B0BNC2KRKY,BONEBASE K2 - Strip of 10 Capsules
,B0B9NH9NHM,Bonebase Milk - Strip of 15 Tablets
,B0895LRN8F,Bonebase Plus - Strip of 15 Capsules
,B0BB6GG9ZK,Bonebase-D3 - Strip of 15 Tablets
,B085LVNCKF,Bone-C Plus - Strip of 15 Capsules
,B09V3S73J6,Bonecraft - Bottle of 30 Tablets
,B0BLBWWV64,Bonediet Plus - Strip of 10 Tablets
,B0BQ6ZCQHN,Bonediet Plus - Strip of 10 Tablets
,B09V3SQD76,Bonefix - Strip of 15 Tablets
,B09V3SHVCP,Boneform - Strip of 10 Tablets
,B0BNC128ZG,Bonegrace - Strip of 10 Tablets
,B09V3SV13K,Bonemac-D3 - Strip of 10 Tablets
,B09V3SKS9T,Bonemac-XT - Strip of 10 Tablets
,B09SQGLZRS,BONEO - Strip of 10 Tablets
,B0BQM2JP8T,Boneo Frac - Strip of 10 Tablets
,B09V3TFGR1,Boneshine 2K - Strip of 1 Capsules
,B084J12HLJ,Bonestat - Strip of 15 Capsules
,B09WBCMG2Y,Bonestat C2 - Strip of 10 Tablets
,B09WBBHVCW,Bonestat Frac - Strip of 15 Tablets
,B083J9CYKR,Bonestat K2 - Strip of 15 Capsules
,B09WBC1J7B,BONESTAT STRONG - Strip of 15 Tablets
,B09V3TQ5YV,BONEUS PLUS SOFTGEL - Strip of 10 Capsules
,B09V3SQJ9J,BONEVA PRO - Strip of 10 Tablets
,B0BNC28N7N,Bonevault - Strip of 10 Tablets
,B09ZPMG9RT,Bonfast - Strip of 10 Capsules
,B0BQMNCRZV,Bonfixs - Strip of 10 Tablets
,B09V3SGBZW,Bonheal 750 - Strip of 10 Capsules
,B09V3TJY5P,Bonical E Forte - Strip of 10 Tablets
,B0895M4W7R,Bonical-C - Strip of 10 Tablets
,B0BQM3M3C8,Bonical-C - Strip of 10 Tablets
,B08CS6B786,Bonical-E-Forte - Strip of 10 Tablets
,B0BNC2LPLZ,Bonion - Strip of 1 Capsules
,B0BNC15571,BONION 500mg - Strip of 60 Capsules
,B09SQJSB7K,BONISTA - Pack of 1 Delivery Device PEN
,B0BQM2TJPF,BONISTA 250mg - Vial of 3ml CARTRIDGE
,B0BQM5CST6,Bonista Cartridge - Vial of 3ml Injection
,B0BLBMD9K3,Bonitar 100 - Strip of 10 Tablets
,B0BQ6ZKTM3,Bonitar 100 - Strip of 10 Tablets
,B0BNC3WJGS,Bonjo Plus Veg - Strip of 10 Capsules
,B0861T3J3J,Bon-K2 - Strip of 10 Tablets
,B0BNC316L3,Bonlink - Bottle of 200ml Suspension
,B09V3TQCYR,BONMAC SOFTGEL - Strip of 10 Capsules
,B08K3H1Y38,Bonmax D3 - Strip of 4 Capsules
,B0BNC2CPFW,Bonmax Pth 750Mcg/ - Ampoule of 3ml Injection
,B0BNC1X4CT,BONMAX PTH CARTRIDGE 100IU - Vial of 3ml Injection
,B084BDYBC9,Bonmin K2 - Strip of 10 Tablets
,B09V3S15DJ,Bonmin K2 - Strip of 10 Tablets
,B085YRG28R,Bonnisan - Bottle of 200 ml Syrup
,B09V3S73XB,Bonocal - Strip of 10 Capsules
,B09V3TCT4D,BONRICH CT - Strip of 10 Tablets
,B09V3S4R5X,Bonsaid - Strip of 10 Tablets
,B093ZK5KP8,Bonsalic - Strip of 10 Tablets
,B0BLC3SCPX,Bonserum Pro - Strip of 10 Tablets
,B09V3RK3G3,Bonshine 60K Soft Gel - Strip of 4 Capsules
,B0BNC24DM4,Bonsorb - Strip of 10 Tablets
,B09V3SLN76,BONSTER - Pack of 30 Tablets
,B0BNC3QSTM,Bontas 60K - Strip of 4 Tablets
,B09V3TRCHC,BONTIPLUS XT - Strip of 15 Tablets
,B0BQM5753S,Bontress - Bottle of 150ml Shampoo
,B0846JYL95,Bontress Pea Sprout Extract - Tube of 60 g Hair Conditioner
,B097J2GPXJ,Bontress Pro - Bottle of 60ml Hair Serum
,B0BQM56PN3,Bonultra - Strip of 10 Tablets
,B0BNC3D569,Bonultra-Plus Softgel - Strip of 10 Capsules
,B0BLC7FGRB,Bonydil Green Apple Flavour - Bottle of 30 Chewable Tablets
,B0BQ6ZDD6F,Bonydil Green Apple Flavour - Strip of 30 Chewable Tablets
,B0BNC135Q8,Bonysera - Strip of 10 Capsules
,B0BQM3BCC5,Boomcal Plus - Strip of 10 Tablets
,B0BNC1NF7K,Boomcal-Olive - Strip of 10 Tablets
,B0BLBYN44X,Booncal M - Strip of 10 Softgel Capsules
,B0BQ6Y3VRQ,Booncal M - Strip of 10 Softgel Capsules
,B09DDC2B73,Boostrix - Prefilled Syringe of 0.5Ml Injection
,B0B9LJ4ZZT,Boostrix Vaccine - Vial of 0.5ml Injection
,B0BB2TZH98,Boostrix Vaccine - Vial of 0.5ml Injection
,B0BQM2KVDQ,Borax Glycerin - Bottle of 20g Glycerin
,B0BQM34R5Z,Borax Glycerin - Bottle of 50g Glycerin
,B09V3W1DZV,Boric Acid - Pack of 100 gm Powder
,B0BLC87STX,Boric Acid - Pack of 200g Powder
,B0BQ6XWCR5,Boric Acid - Pack of 200g Powder
,B0BLBRBBV8,Boric Acid - Pack of 50g Powder
,B0BLBQ2VRG,Boric Acid 25g - Pack of 25g Powder
,B0BLBSNCTT,Boric Acid 400 gm
,B09V3TRC9L,BORNCAL PLUS - Strip of 10 Capsules
,B0BNC2J8CH,Borncal-D3 - Strip of 2 Chewable Tablets
,B09DDGC8R5,Boroline - Tube of 20 gm Antiseptic Ayurvedic Cream
,B087DFHY5J,Bortenat - Vial of 2Mg Infusion
,B09V3SZJ48,Borviz - Vial of 2 mg Injection
,B083468944,Bosentas 125 - Strip of 10 Tablets
,B09WBCPGR1,Bosentas 125 - Strip of 10 Tablets
,B08345GL84,Bosentas 62.5 - Strip of 10 Tablets
,B0BNC3VKJG,Bosicart - Strip of 10 Tablets
,B0BQM4RN8S,BOSS - Bottle of 200ml Syrup
,B0BQM2XCRM,Boss - Pack of 200g Powder
,B09BB6C243,Botanica 3D - Bottle of 30 Ml Serum
,B09BB99DS6,Botanica -Tube of 50 G Cream
,B0BQM4CZB4,Botas 1.5% - Bottle of 5ml Opthalmic Solution
,B0864Z6MW2,Botroclot - Bottle of 10ml Solution
,B087PMHZBD,Botropase - Ampoule of 1 ml Injection
,B08QX4TX9S,Botropase - Ampoule of 5x1ml Injection
,B08WQS7XS8,Botropase - Ampule of 2ml Injection
,B08WT39FJM,Botrostat 250mg - Strip of 10 Tablets
,B0BQ6YT128,Bouquet M - Strip of 10 Tablets
,B09V3T3GXX,BOVOSE 0.3MG - Strip of 10 Tablets
,B09V3TG11D,Bowlonex - Strip of 10 Capsules
,B0BNC2SQBC,Bowmuv Aam Panna - Sachet of 3x2g Powder
,B0BLC26V65,Bowmuv Pineapple Flavour - Sachet of 7x1g Powder
,B0BNC1RWP5,B-Oze - Tube of 5g Cream
,B0BNC4YYY2,BP Free AM - Strip of 10 Tablets
,B0BR38GGRG,Bp Loc XL 50 - Strip of 10 Tablets
,B08C3F42Q7,Bpcure H - Strip of 10 Tablets
,B09V3TBHYS,BP-LOC R 25/2.5MG - Strip of 10 Tablets
,B0BQ72HFBB,BP-Loc R 50/5 - Strip of 10 Tablets
,B0BNC3SCBC,Bpride-2SR - Strip of 10 Tablets
,B0BNC24HGY,Bpros-T - Bottle of 5ml Ophthalmic Solution
,B0947JFPR5,B-Protin Chocolate - Bottle of 500Gm Nutritional Powder
,B085LYY7TT,B-Protin Chocolate Flavour - Bottle of 200 gm Nutritional Powder
,B085LYLLQ3,B-Protin Chocolate Flavour - Bottle of 500gm Nutritional Powder
,B0BQM4XHDS,B-Protin Mango - Bottle of 500g Powder
,B09V3SS3NS,BPZIDE 12.5MG - Strip of 10 Tablets
,B09V3SR2MV,BRACE 100MG - Strip of 10 Capsules
,B0BNC21GXM,Bracia - Bottle of 10g Granules
,B09V3SMLFK,BRAG - Bottle of 5 ml Eye Drops
,B0BNC35394,Brain DHA - Bottle of 100ml Suspension
,B0BNBZPXBL,Brain DHA - Strip of 10 Capsules
,B09ZPRLD8R,Brain IQ - Bottle of 150 ml Syrup
,B09ZDWZZBP,Brain Up Pineapple Flavour - Bottle of 150ml Suspension
,B0BNC39Q72,Braineed 100 - Bottle of 200ml Syrup
,B09TKTL33R,Brainfol 1mg - Strip of 10 Tablets
,B09SQJ357Z,BRAINFOL PLUS - Strip of 10 Tablets
,B0BLCSRR17,Braingate Gold - Strip of 10 Tablets
,B0BLC2R8CX,BRAINGATES - Strip of 10 Capsules
,B0BLCWLLFJ,BRAINGATES FORTE - Strip of 10 Tablets
,B09V3SLQC5,BRAINGATES RICH - Strip of 10 Tablets
,B09V3SLTPQ,Braingis - Strip of 10 Tablets
,B09V3SMH89,Brainiest - Bottle of 150 ml Syrup
,B0BNBZTJHW,BRAINIEST-IQ - Strip of 10 Tablets
,B0B25Q6XDK,Brainmax Omega 3 - Bottle of 150 ml Liquid
,B0BNC3368Z,Brainset 60 - Strip of 10 Tablets
,B09ZDFZT21,Brainwell Mango - Bottle of 150ml Syrup
,B0845FZTWH,Brakke - Strip of 10 Tablets
,B09V3SMHTP,Bravia 20 - Strip of 10 Tablets
,B09V3T3LCQ,BRAVIA -D - Strip of 10 Tablets
,B09V3TJQ6M,Bravia DSR - Strip of 10 Capsules
,B09V3SR77T,BRAVIA LS - Strip of 10 Capsules
,B09V3SR4LM,Bravia-IT - Strip of 10 Capsules
,B09V3SSDSM,Bravofer - Strip of 10 Tablets
,B08BXFXVSH,Brawn Silverspoon - Bottle of 350 gm Powder
,B0BLC2KWPF,Breact New Elaichi Flavour - Pack of 200g Protein Powder
,B0BQ6XFYG4,Breact New Elaichi Flavour Protien - Pack of 200g Powder
,B09V3SZ6HP,Breakfix - Strip of 15 Tablets
,B0BLCLGF83,BREATHCARE - Strip of 10 Capsules
,B0BB6DT8QX,Breaze L Kid Tablet 10's
,B087DH589K,Breaze-L 10Mg/5Mg - Strip of 10 Tablets
,B0BNC2M1V1,Brent-LS - Bottle of 5ml Eye Drops
,B09BB953PV,Bresol - Bottle of 10 Ml Nose Solution
,B088P3LPRV,Bresol - Bottle of 100 ml Syrup
,B09BB8SKVW,Bresol - Bottle of 200 Ml Syrup
,B09BB7PWMV,Bresol - Bottle of 60 Tablets
,B0BNC2KPWV,Brevipil - Bottle of 200ml Oral Solution
,B09V3T3D9H,BREVIPIL 100 - Strip of 10 Tablets
,B09V3S828R,BREVIPIL 10MG - Vial of 5 ml Injection
,B09V3RK37G,BREVIPIL 25 - Strip of 10 Tablets
,B09V3S4JM7,Brevipil 50 - Strip of 10 Tablets
,B09V3T3DF7,BREVIPIL 75 - Strip of 10 Tablets
,B09WBD593Y,BREVOXYL - Tube of 20 gm Cream
,B085LWP32C,Brevoxyl - Tube of 50 gm Cleanser
,B0BNC4F6HY,Brglip-Met 50/500 - Strip of 15 Tablets
,B09V3TS672,BRICAL-D3 60K SOFTGEL - Strip of 4 Capsules
,B09V3V27ZZ,BRICAL-K2 - Pack of 30 Tablets
,B087DFG4Q3,Bricarex A - Bottle of 100Ml Syrup
,B09V3TTBLD,Bricarex D Orange Suspension 100 ml - Bottle of 1 Suspension
,B09TKTRVR8,Bricarex LS - Bottle of 100 ml Expectorant
,B0BQ6ZFYDF,Bricarex LS Plus - Bottle of 100ml Syrup
,B0BNC1KN3C,BRICAREX-DX - Bottle of 100ml Syrup
,B0BNC2RRFZ,Bricarex-DX Junior - Bottle of 100ml Syrup
,B0BQM5N85G,Bricet 10 - Strip of 10 Tablets
,B09V3SS8DN,BRICET 100 - Strip of 10 Tablets
,B0BQM5BZBC,Bricet 25 - Strip of 10 Tablets
,B09V3THSZ2,BRICET 50 - Strip of 10 Tablets
,B0BQM4Y72W,Bricet 75 - Strip of 10 Tablets
,B09V3SN389,B-Rich - Strip of 10 Capsules
,B09V3VMR91,B-Rich Gold - Strip of 10 Capsules
,B0BNBZPXBP,Bricoll - Sachet of 11g Powder
,B0BNC2VBV5,Brifol-Plus - Strip of 10 Tablets
,B09TKT54XT,Brigrel - Strip of 10 Tablets
,B09SQKFTCV,BRILANTE - Tube of 30ml INTENSE SERUM
,B0BQM3R6P2,Brilante Intense - Tube of 100ml Cleanser
,B0BQM3GX76,Brilante Intense - Tube of 50ml Cleanser
,B09LVRD68Y,Brilante Intense Brightening - Bottle of 50ml Serum
,B087PLN47Z,Brilinta 60mg - Strip of 14 Tablets
,B082N13MV6,Brilinta 90 - Bottle of 180 Tablets
,B082MFTL67,Brilinta 90 mg - Strip of 14 Tablets
,B0BNC3DGC5,Brilinzo 600 - Strip of 10 Tablets
,B0BLBT6YCZ,Brillinz Brightening - Bottle of 100ml Face Wash
,B0BQ6X7CSD,Brillo 180 - Strip of 10 Tablets
,B083VMHSX5,Brimo - Bottle of 5 ml Solution
,B084BF8L85,Brimochek - Bottle of 5 ml Eye Drops
,B084J1K293,Brimochek T - Bottle of 5ml Eye Drops
,B085J8Y21B,Brimocom - Bottle of 5 ml Eye Drops
,B085J9D1Q7,Brimodin - Bottle of 5 ml Eye Drops
,B093ZKWK16,Brimollient - Bottle of 200 milliliters Lotion
,B084PRRJ9W,Brimolol - Bottle of 5 ml Eye Drops
,B0BNC1T41F,Brimonid - Bottle of 5ml Eye Drops
,B0BNC2LKKT,Brimopress T - Bottle of 5ml Eye Drops
,B0BNBZVHNK,Brimosoft - Bottle of 5ml Eye Drops
,B09V3TJZY6,BRIMOSOFT-T - Bottle of 5 ml Eye Drops
,B084PVQ1LQ,Brimosun LS - Bottle of 5 ml Eye Drops
,B084PRPW67,Brimosun P - Bottle of 5 ml Eye Drops
,B084J1QL9X,Brimotas T - Bottle of 5 ml Eye Drops
,B0BNC1329M,BRIMOTIM - Bottle of 5ml Eye Drops
,B0BQM5N85M,Brinda 50 - Strip of 10 Tablets
,B0BLBS9Q4F,Brinergy - Strip of 10 Tablets
,B0BQ6YDTB6,Brinergy - Strip of 10 Tablets
,B084PRJMHQ,Brinolar - Bottle of 5 ml Eye Drops
,B09TSNWWMH,Brinolar - Bottle of 5 ml Eye Drops (BKC Free)
,B083BXRM9X,Brintellix 10 Mg - Strip of 10 Tablets
,B083BY7R74,Brintellix 20 Mg - Strip of 10 Tablets
,B083BY4428,Brintellix 5 Mg - Strip of 10 Tablets
,B0BB6DG4QG,Brintop 5% Lotion 60 ml
,B09ZPR314V,Brintop Diva 2% W/V - Bottle of 120 ml Topical Solution
,B09ZPR57H6,Brintop Diva 5% W/V - Bottle of 120 ml Topical Solution
,B088GB86TY,Brintop F - Bottle of 100 ml Solution
,B087PMD76Z,Brintop F 5% - Bottle of 100 ml Solution
,B088GDY345,Brinzagan - Bottle of 5 ml Suspension
,B0BNBZLY7S,Brinzemic-B - Bottle of 5ml Eye Drops
,B0BLBKVHVK,Brinzodoc - Bottle of 5ml Eye Drops
,B084PQCKHK,Brinzotim - Bottle of 5 ml Eye Drops
,B082MGZLTW,Brinzox - Bottle of 5 ml Eye Drops
,B088GCSTDS,Brinzox-T - Bottle of 5 ml Suspension
,B0BLBRJ961,Brio B - Bottle of 5ml Eye Drops
,B0BQ6ZHLY9,Brio B - Bottle of 5ml Eye Drops
,B0BNC3HTK6,Brio T - Bottle of 5ml Eye Drops
,B0BNC4B4WS,Briopin Forte Softgel - Strip of 10 Capsules
,B09TKR7ZYL,Briopt - Bottle of 5 ml Eye Drop
,B09V3THRB8,BRIPCA-100 - Strip of 14 Tablets
,B09V3V13JN,BRIPCA-25 - Strip of 14 Tablets
,B09V3S6THY,BRIPCA-50 - Strip of 14 Tablets
,B0BNC49NKZ,Briprotein Vanilla Flavour Protein - Pack of 200g Powder
,B0BQ6XGZ61,Briq - Strip of 10 Capsules
,B0BNC3CV31,Brisc - Bottle of 200ml Syrup
,B0BLBRB683,Brisc - Strip of 10 Tablets
,B0BQ6ZVTV3,Brisc - Strip of 10 Tablets
,B0BNC1YF5S,Brisk-Q - Strip of 10 Tablets
,B097J1PQDH,Bristaa - Pack of 20g Cream
,B09SQHK2BC,BRISTAA INTENSE - Bottle of 20g Cream
,B09V3TCGR4,BRITAM 10 - Bottle of 100 ml Oral Solution
,B09V3THWMH,BRITAM 100 - Strip of 10 Tablets
,B09V3T767K,BRITAM 25 - Strip of 10 Tablets
,B09V3RK3BF,BRITAM 50 - Strip of 10 Tablets
,B09V3S82CX,BRITAM 75 - Strip of 10 Tablets
,B09WBB8XGK,BRITE - Bottle of 10 ml Eye Drops
,B087DLKGWK,Brite - Tube of 20g Cream
,B09ZPL736D,Brite Lite - Tube of 20g Cream
,B0BNC3MCLK,Britered - Bottle of 30 Tablets
,B09ZDFZT1Z,BRITESITE - Bottle of 10ml Eye Drops
,B08344NTQL,Britiblu - Bottle of 5 Ml Eye Drops
,B09ZPSRF4H,Britiblu BF - Vial of 5 ml Eye Drops
,B0BNC2W5NC,Britivin - Bottle of 5ml Eye Drops
,B0BLBQCQ4X,Britorva 20mg - Strip of 15 Tablets
,B09V3SS8DD,BRITUM 500MG - Strip of 10 Tablets
,B0BQM46TZN,Britvit - Strip of 10 Tablets
,B09V3SSTRJ,BRITVOG 0.2MG - Strip of 10 Tablets
,B0BQM4GHMF,Britvog 0.3mg - Strip of 15 Tablets
,B0BNC2661G,Britzilam - Bottle of 100ml Oral Solution
,B0BLC4DCPG,Britzilam 10 - Strip of 14 Tablets
,B0BQ6YXYXZ,Britzilam 10 - Strip of 14 Tablets
,B09V3S6642,BRITZILAM 100 - Strip of 14 Tablets
,B09XQSRMWS,BRITZILAM 100 - Strip of 15 Tablets
,B09V3SZ6F1,BRITZILAM 25 - Strip of 14 Tablets
,B09V3RGGPM,BRITZILAM 50 - Strip of 14 Tablets
,B09V3SMLDM,BRITZILAM 50 - Strip of 15 Tablets
,B09V3S75G6,BRITZILAM 75 - Strip of 14 Tablets
,B09V3SSXWD,BRITZILAM 75 - Strip of 15 Tablets
,B0BQM5HSQ2,Briv - Bottle of 100ml Syrup
,B09WBFM6FZ,BRIV 100 - Strip of 10 Tablets
,B09WBBCDCV,BRIV 25MG - Strip of 10 Tablets
,B09SQH3L3R,BRIV 50 - Strip of 10 Tablets
,B09WBB4T1V,BRIV 75 - Strip of 10 Tablets
,B0BQ6YRDN6,Briv Plus 100 - Strip of 10 Tablets
,B0BQ6XBFP4,Briv Plus 50 - Strip of 10 Tablets
,B0BLBSDHK9,Briv Plus 50 - Strip of 10 Tablets
,B0BQM3T3KR,Brivahenz - Strip of 10 Tablets
,B09V3SZH3C,BRIVAHENZ 50 - Strip of 10 Tablets
,B0BQM6XGJS,Brivahenz 75 - Strip of 10 Tablets
,B0BQM2YW3D,Brivajoy 100 - Strip of 14 Tablets
,B09V3SQCYW,BRIVAJOY 50 - Strip of 14 Tablets
,B09V3SQ8YM,BRIVAJOY 75 - Strip of 14 Tablets
,B0BNC35V1Q,Brivalex 100 - Strip of 15 Tablets
,B0BNC54XY3,BRIVALEX 50 - Strip of 15 Tablets
,B0BNC3DMWH,BRIVANEXT 50 - Strip of 10 Tablets
,B0BQM3RCN1,Brivapride-100 - Strip of 10 Tablets
,B09V3T29P4,BRIVAPRIDE-50 - Strip of 10 Tablets
,B0BQM4B2HH,Brivapride-75 - Strip of 10 Tablets
,B09WBBJW1B,BRIVASURE-100 - Strip of 10 Tablets
,B09WBBXM67,BRIVASURE-25 - Strip of 10 Tablets
,B09SQLFJMY,BRIVASURE-50 - Strip of 10 Tablets
,B09WBC7JVP,BRIVASURE-75 - Strip of 10 Tablets
,B0BQM42YN5,Brivatab 25 - Strip of 10 Tablets
,B0BQM4ZCJW,Brivatab 50mg - Strip of 10 Tablets
,B0BNC311RX,Brivazen - Bottle of 100ml Oral Solution
,B0BLCQSVTN,Brivazen 100 - Strip of 10 Tablets
,B09WBCSQ6H,BRIVAZEN 25 - Strip of 10 Tablets
,B09SQGBC4L,BRIVAZEN 50 - Strip of 10 Tablets
,B09WBB69NY,BRIVAZEN 75 - Strip of 10 Tablets
,B0BNBXTVWP,Brivee-50 - Strip of 10 Tablets
,B0BNC2GYZH,Brivepsy 100 - Strip of 14 Tablets
,B09V3TW26H,BRIVEPSY 50 - Strip of 14 Tablets
,B0BQM3GSZD,Brivetoin 100 - Strip of 10 Tablets
,B0BQM6XH8R,Brivetoin 25 - Strip of 10 Tablets
,B09ZPQ81DD,Brivetoin 50 - Strip of 10 Tablets
,B0BQM2KTCS,Brivetoin 75 - Strip of 10 Tablets
,B082L5H7QW,Brivex - Bottle of 5 ml Eye Drops
,B0BQM2YMDZ,Brivgard - Bottle of 100ml Oral Solution
,B09V3S125R,BRIVGARD 100 - Strip of 10 Tablets
,B09V3SWKMR,BRIVGARD 50 - Strip of 10 Tablets
,B09V3TRBYM,BRIVGARD 75 - Strip of 10 Tablets
,B0895BW7ZT,Briviact 100mg - Strip of 14 Tablets
,B0895BW7ZV,Briviact 50mg - Strip of 14 Tablets
,B0895DHY4Y,Briviact 75mg - Strip of 14 Tablets
,B0BR383588,Brivissa 50 - Strip of 10 Tablets
,B09V3T9BJL,BRIVUP 10MG/ML SYRUP - Bottle of 100 ml Syrup
,B0BQM4YWBJ,Brivup 75 - Strip of 10 Tablets
,B0BQ6XJNZH,Brivup-100 - Strip of 10 Tablets
,B09V3SQFQK,BRIVUP-50 - Strip of 10 Tablets
,B09V3SSZQ8,Brizgap - Strip of 10 Tablets
,B09V3TF4LK,BRO ZECODEX - Bottle of 100 ml Syrup
,B085LWW2D9,Bro Zedex LS - Bottle of 100 ml Syrup
,B08CS6BPHC,Broadiclox Novo-500 - Strip of 10 Capsules
,B087PMBZMR,Broclear - Strip of 10 Tablets
,B09WBBYQP3,BRODIL - Bottle of 100 ml Syrup
,B087PM3N3C,Brodil - Bottle of 60 ml Expectorant
,B09V3V2WYN,Brofentol Plus - Bottle of 100 ml Expectorant
,B09V3SSXY5,Brofer-XT - Strip of 10 Tablets
,B0BNC2R21L,Brogikoff S/F - Bottle of 100ml Syrup
,B0BB6JWMQG,Brom 2.5 Tablet 10's
,B0BQM3TWPK,Bromex Plus - Bottle of 100ml Expectorant
,B08WT117SY,Bromex Plus - Bottle of 100ml Syrup
,B09V3TVYRZ,BROMEZER - Strip of 10 Tablets
,B09TKRPFM1,Bromflam - Bottle of 10 ml Eye Drop
,B0BQM2YDMD,Bromflam - Bottle of 5ml Eye Drops
,B0842PLJBQ,Bromhexine Elixir - Bottle of 120 ml Syrup
,B084BF1ZBN,Bromhexine Hydrochloride 8mg - Strip of 10 Tablets
,B09V3TK16R,BROMICA - Bottle of 5 ml Eye Drops
,B0BNC3W6VF,Bromifax - Bottle of 5ml Eye Drops
,B0BNCCDN94,Bromogesic - Strip of 10 Tablets
,B09V3T67P8,BROMOSTAR-T - Bottle of 5 ml Eye Drops
,B09TKQQZ24,Bromvue - Bottle of 5 ml Eye Drops
,B09V3T9GQ7,Bronac 600 - Strip of 10 Tablets
,B09V3STWVJ,Bronchoril 100 mg - Strip of 10 Capsules
,B09V3RYM1F,Bronchoril-200 SR - Strip of 15 Tablets
,B0BR3BPM7B,Bronchoril-N600 - Strip of 10 Tablets
,B09V3ST7KJ,BRONCHOTUSS SOFTGEL - Strip of 10 Capsules
,B09V3RXYG2,Bronchowell - Pack of 300 gm Sugar Free Coffee Flav Powder
,B08492JR88,Broncorex - Bottle of 100 ml Syrup
,B08492L3SG,Broncorex - Bottle of 50 ml Syrup
,B08X4K2BM9,Brophyle 100mg - Strip of 10 Capsules
,B084J1JR2C,Brophyle N - Strip of 10 Tablets
,B08959FK3M,Brophyle SR 200mg - Strip of 10 Tablets
,B0BNC2QVP1,Bro-Rt - Strip of 10 Tablets
,B09V3T8C9V,Brox AX SF - Bottle of 100 ml Syrup
,B0B9NYGBBG,Broxum LS - Bottle of 100ml Syrup
,B0BB6DL8W6,Broxum LS Syrup 100 ml
,B087PMHZBZ,Bro-Zedex - Bottle of 100 ml Syrup
,B0BLCTCDLQ,Brozedex LS - Bottle of 100ml Expectorant
,B0BQ6Y6D7P,Brozedex LS - Bottle of 100ml Expectorant
,B084BF2FQK,Bro-zedex LS - Bottle of 60 ml Syrup
,B09WBC89F2,Bro-Zedex LS 0.5 Raspberry Flavour - Bottle of 60 ml Expectorant
,B08X4FKD11,Brozedex LS Paediatric - Bottle of 15ml Drops
,B084BF4M9T,Bro-zedex SF - Bottle of 100 ml Syrup
,B084BDZ3V9,Brozeet - Bottle of 100 ml Syrup
,B0BQM7HVN8,BROZEET - Bottle of 100ml Syrup
,B08C3FLS5W,Brozeet Ls Plus - Bottel Of 100 Ml Syrup
,B08WBDT3Q3,Brozeet SF - Bottle of 100 Ml Suspension
,B084J1T7FB,Brozeet-LS - Bottle of 100 ml Syrup
,B088GFBLYK,Brozeet-Ls - Bottle of 15 ml Drops
,B09WBCJT5K,BROZEET-LS 1MG - Bottle of 100 ml EXPECTORANT
,B08YRXFQCF,BROZON-T - Bottle of 60 ML Syrup
,B0842QMMDZ,Brufen 200 - Strip of 15 Tablets
,B0842QRLXS,Brufen 400 - Strip of 15 Tablets
,B0842QQK9C,Brufen 600 - Strip of 15 Tablets
,B09B2MC6RB,Brufen Power - Bottle of 20g Metered Pain Relief Spray
,B09B2KCRDH,Brufen Power - Bottle of 40g Metered Pain Relief Spray
,B085LWFMTN,Brugel - Tube of 30gm Gel
,B08NZM9X7N,Brugel Actifast Gel - 30GM
,B0BNC16ZW5,BRUPAL KID - Strip of 10 Tablets
,B09V3T76J3,BRUSTAN - Strip of 10 Tablets
,B0BLCYTWXH,Brutacef DS - Bottle of 30ml Suspension
,B0BQ6XB2BY,Brutacef DS - Bottle of 30ml Suspension
,B09V3WB9R7,BRUTACEF O - Strip of 10 Tablets
,B087PMBZMZ,Brutacef-200 DT - Strip of 10 Tablets
,B088GFTWBJ,Brutacef-O - Strip of 10 Tablets
,B09V3SR2FW,Brutaflam 90 - Strip of 10 Tablets
,B09V56RJ3W,BRUTAFLAM MR - Strip of 10 Tablets
,B09V3T4T1C,BRUTAFLAM PLUS - Strip of 10 Tablets
,B087DKWRKH,Brutaflam-MR 4 - Strip of 10 Tablets
,B09V3V2XC4,BRUTAFLAM-PG - Strip of 10 Tablets
,B0BQM55X63,Brutal - Bottle of 10ml Suspension
,B09V3SY33V,Brutozyme - Strip of 10 Tablets
,B0BQM3JBPT,Bs Soft Moist - Bottle of 200ml Lotion
,B085J9MR36,B-Stil 16 - Strip of 10 Tablets
,B085J9LV4F,B-Stil 24 - Strip of 10 Tablets
,B0BNC2WMVV,BSTIL 24mg - Strip of 3 Tablets
,B085J9GMFW,B-Stil 8 - Strip of 10 Tablets
,B0BLCJBM32,Btablet - Strip of 10 Tablets
,B0BQ6YSDKL,Btablet - Strip of 10 Tablets
,B09DDBZSRB,B-Tex - Box of 14G Ointment
,B09WBCZVR6,B-TEX SUPER - Tube of 14 gm Cream
,B084J1LCMF,BTN - Strip of 10 Tablets
,B084J1MX7H,BTN Forte - Strip of 10 Tablets
,B084J1MXFD,BTN Ultra - Strip of 10 Tablets
,B09412SZ68,BTN Ultra - Strip of 30 Tablets
,B0BQ6Z15Q9,Btoneca - Bottle of 200ml Syrup
,B0BQ6Z2G5X,Btoneca-CZ Orange Flav - Bottle of 100ml Syrup
,B0BB6JMZR9,Btoneca-CZ Orange Flavour - Strip of 30 Chewable Tablets
,B0BR3864VW,Btr - Strip of 10 Tablets
,B09ZPRQCXD,BTR-D - Strip of 10 Tablets
,B0BNC17CFG,Bubblewash - Bottle of 100ml Face Wash
,B0845FJ5WQ,Budamate 100 - Bottle of 120 Metered Doses Inhaler
,B0845FXXJ8,Budamate 100 - Bottle of 30 Capsules
,B0845FVH4Q,Budamate 200 - Bottle of 120 Metered Doses Transhaler
,B083R2YJ6M,Budamate 200 - Bottle of 30 Capsules
,B0845FR2WQ,Budamate 400 - Bottle of 120 Metered Doses Inhaler
,B0845FZ6Z6,Budamate 400 - Bottle of 30 Capsules
,B0845FS7N9,Budamate Forte - Bottle of 30 Capsules
,B0BR3CKLY2,BUDAMATE NEB 0.5MG - Pack of 7x2ml Respules
,B089L1HGGD,Budamate Neb 0.5mg - Packet of 2ml Respules
,B0BR3DS6RZ,Budamate Neb 1 mg - Pack of 7x2ml Respules
,B089KXYD26,Budamate Neb 1mg - Packet of 2ml Respules
,B0BNC2K6T5,Budasure 0.5 - Bottle of 5x2ml Pulmules
,B084J131KZ,Budate - Bottle of 2 ml of Transpules
,B0B7SGFTK2,Budate - Bottle of 21x2.5ml Transpules
,B08QX61X6B,Budate - Bottle of 7 x 2 ml of Transpules
,B09ZPLBGCQ,Budate - Pack of 5 ml Transpules
,B0845FX149,Budate 100 - Bottle of 200 Metered Doses Inhaler
,B0845FTZ8R,Budate 200 - Bottle of 30 Capsules
,B084J1DK58,Budate 400 - Bottle of 30 Capsules
,B08172GZ92,Budate Forte Transpule - Bottle of 2 ml Suspension
,B09ZPPYLYX,Budate Metered Doses Inhaler - Pack of 200 Transhaler
,B0BNC2G43S,Budaways-0.5mg - Bottle of 5 Respules
,B0BNC38VBM,Budecel 0.5 - Bottle of 5x2ml Respules
,B09WBCLR67,BUDECORT 0.25MG - Pack of 5 × 2 Respules
,B0842QSVZC,Budecort 0.5 mg - Pack of 5x2 ml Respules
,B0842QHMH7,Budecort 1 mg - Respules of 5x2 ml Metered Doses Inhaler
,B085J8QQLX,Budecort 100 - Bottle of 200 Metered Doses Inhaler
,B085J92FPV,Budecort 200 - Bottle of 200 Metered Doses Inhaler
,B085J8RP2N,Budecort 200 Rotacaps - Bottle of 30 Capsules
,B085J8X7Z7,Budecort 400 Rotacaps - Bottle of 30 Capsules
,B085J8VZTY,Budenase AQ - Bottle of 150 Metered Doses Nasal Spray
,B0BNC362RN,Buderator 0.5mg - Bottle of 2ml Respules
,B0842QJ9T5,Budesal 0.5 mg - Respules of 5x2 ml Metered Doses Inhaler
,B085J4S26F,Budesal 0.5 mg - Sachet of 5x2 ml Respules
,B089H2MZ7S,Budesal 0.5 mg - Strip of 2 ml Respule
,B085J52HRL,Budesal 1 mg - Sachet of 5x2 ml Respules
,B09V3V3YHG,Budeste 0.5mg - Pack of 2 ml Respule
,B0BNC382B3,Budesules 0.5mg - Bottle of 5 Respules
,B0BNC31V41,Budetrol - Bottle of 5 Respules
,B09WBCJT79,Budetrol 100 - Pack of 120 Metered Doses Inhaler
,B0B9LKGJFM,Budetrol 100mg - Strip of 30 Rotacaps
,B0BB2R2VDV,Budetrol 100mg - Strip of 30 Rotacaps
,B083YGXRPS,Budetrol 200 - Bottle of 30 Capsules
,B083YGVH32,Budetrol 200 - Bottle of 7.2gm 120 Metered Actuations
,B083YG7SZ9,Budetrol 400 - Bottle of 30 Capsules
,B0861YZ5N4,Budetrol 400 Inhalation - Bottle of 120 Metered Actuations
,B083YGT5W8,Budetrol Forte - Bottle of 30 Capsules
,B087DFSRNC,Budez CR 3Mg - Strip of 10 Capsules
,B09V3T6S6C,BUDEZ OD 9 - Strip of 15 Tablets
,B0BNC1YSQ2,Buenocal - Strip of 10 Tablets
,B08343PGPL,Bularid - Strip of 10 Tablets
,B09ZPK914Q,Bularid-L 20MG - Strip of 10 Tablets
,B09WBCLZZV,BULARID-L 40MG - Strip of 10 Tablets
,B0BNC2ZJX1,BULKOBEST LEMON FLAVOUR - Bottle of 160ml Solution
,B0842NYYMZ,Bunase 0.5 - Pack of 5x2 ml Respules
,B09TKV567G,Bunase-L 0.5 - Pack of 5x2 ml Respules
,B0BNC3K6ZB,Bupatch 20mcg - Pack of 2 Transdermal Patches
,B09V3V51TV,BUPET XL 300MG - Strip of 10 Tablets
,B089R1FVLT,Buprigesic 0.3mg - Vial of 1ml Injection
,B09V3S18KZ,Bupron SR 150 - Strip of 10 Tablets
,B084N2RGRD,Bupron SR 150 - Strip of 10 Tablets
,B084N2RRY6,Bupron XL 150 - Strip of 10 Tablets
,B084PVBW5W,Bupron XL 300 - Strip of 10 Tablets
,B0BNC168BK,Burbery-Dsr - Strip of 10 Capsules
,B0B9LJV6SY,Burfre - Strip of 10 Capsules
,B0BB2Q3X7D,Burfre - Strip of 10 Capsules
,B0864MMLWK,Burnheal - Tube of 15gm Cream
,B0BLBNRSFV,BURNHEAL PLUS - Tube of 20g Cream
,B0BQ6X7673,BURNHEAL PLUS - Tube of 20g Cream
,B097J2TPBT,Burnol Original - Tube of 10g Cream
,B097J26TMS,Burnol Original - Tube of 20g Cream
,B0BNC5BWZH,Burnol Plus - Tube of 20g Cream
,B09V3SL1SK,Burnosaf - Tube of 200 gm Cream
,B08WR4DQ9Y,Bus Q - Strip of 10 Tablets
,B0BNC44ZCL,BUS Q - Strip of 10 Tablets
,B0842QC311,Buscogast - Ampule of 1 ml Injection
,B084BDXLS3,Buscogast - Strip of 10 Tablets
,B084BDZC47,Buscogast Plus - Strip of 10 Tablets
,B092MLWYK3,Buscopan - Strip of 10 Tablets
,B09WBC1JRS,BUSCOPAN PLUS - Strip of 10 Tablets
,B0BNC29JG8,Buscoril - Bottle of 100ml Syrup
,B092MQDGBC,Buspirone - Strip of 10 Tablets
,B0BLBPXJV8,Buspitor-15mg - Strip of 10 Tablets
,B0BB6FQ1W4,BUTA PROXYVAN - Tube of 30g Gel
,B0BR37SRDD,Butadryl 7.5 Sugar Free Strawberry - Bottle of 100ml Syrup
,B0842QC31D,Buta-Proxyvon - Strip of 10 Capsules
,B08X4H7V9P,Butaproxyvon SP - Strip of 10 Tablets
,B089QZXPPN,Butodol 1mg - Vial of 1ml Injection
,B0BNC3CR4D,Butsim-RD - Strip of 10 Capsules
,B09V3T98VT,BUTYRON - Strip of 10 Tablets
,B09V3S73HP,Butyron LF - Strip of 10 Tablets
,B09ZTLKMQ8,Buvalor 10MCG H - Vial of 2 Injection
,B0BB6DV59N,Buvalor 20mcg H - Vial of 2 Patches
,B082W8T8HM,Buxoric 40 - Strip of 10 Tablets
,B09TKRMZ5H,Buxoric 80 - Strip of 10 Tablets
,B09ZPSFT8F,Bvert 8MG - Strip of 10 Tablets
,B087DLHSC3,Bvert-16 - Strip of 10 Tablets
,B09WBBLGPC,BVERT-24MG - Strip of 10 Tablets
,B0BNC5B5JQ,Bvigor Cherry Sublingual - Strip of 10 Tablets
,B09V3TRFMN,BYCINE-OD - Strip of 10 Tablets
,B0BNC256J7,Bylenta Ch 40 - Strip of 15 Tablets
,B08K9SB83J,Byloza 20 - Strip of 10 Tablets
,B0BLBQ8XKS,Byloza 40 - Strip of 10 Tablets
,B09V3SXS7B,Bymet 1000 - Strip of 10 Tablets
,B09V3VSQDZ,Bymet 500 - Strip of 10 Tablets
,B09V3THNP2,Bypass - Strip of 15 Tablets
,B0BR395XL6,Bzon - Strip of 10 Tablets
,B0BR3B3BVS,Bzon Forte - Strip of 10 Tablets
