,Product_Desc,First_part,Type,ED_MDM_Product_Code
0,B 29 AQ INJECTION 1ML,B 29 AQ ,INJECTION 1ML,ED000009210
1,B 29 DAILY TABLETS 10^S,B 29 DAILY ,TABLETS Strip of 10,ED000009211
2,B 29 DAILY TABLETS 15^S,B 29 DAILY ,TABLETS Strip of 15,ED000159822
3,B 29 GOLD TABLETS 10 .S,B 29 GOLD ,TABLETS 10 .S,ED000009215
4,B 29 LC TABLETS 10^S,B 29 LC ,TABLETS Strip of 10,ED000009218
5,B 29 MAX CAPSULES 10^S,B 29 MAX ,CAPSULES Strip of 10,ED000157872
6,B 29 SYRUP 200ML,B 29 ,SYRUP 200ML,ED000009219
7,B 29 TABLETS (NEW) 10^S,B 29 ,TABLETS (NEW) Strip of 10,ED000009220
8,B FIT CD TABLETS 10^S,B FIT CD ,TABLETS Strip of 10,ED000009269
9,B STIL 16MG 10S,B STIL 16MG 10S,,ED000009326
10,B STIL 16MG # 10^S,B STIL 16MG # Strip of 10,,ED000009326
11,B STIL 24MG 10S,B STIL 24MG 10S,,ED000009327
12,B STIL 8MG 10S,B STIL 8MG 10S,,ED000009328
13,B STIL 8MG # 10^S,B STIL 8MG # Strip of 10,,ED000009328
14,B-12 FILM(SACHET),B-12 FILM(SACHET),,ED000176445
15,B2 DOC E/D 5ML,B2 DOC E/D 5ML,,ED000156590
16,B4 NAPPI CREAM 75GM,B4 NAPPI ,CREAM 75GM,ED000009361
17,B4 NAPPI WIPES 30S,B4 NAPPI WIPES 30S,,ED000009362
18,BABY MASK 1^S,BABY MASK Strip of 1,,ED000009415
19,BACIGYL N SYP 30ML 30ML,BACIGYL N SYP 30ML 30ML,,ED000009441
20,BACIGYL SYRUP 30ML,BACIGYL ,SYRUP 30ML,ED000009439
21,BACIGYL SYRUP 60ML,BACIGYL ,SYRUP 60ML,ED000009440
22,BACIKID LIQUID 10ML,BACIKID LIQUID 10ML,,ED000119579
23,BACILON CAPSULES 10S,BACILON ,CAPSULES 10S,ED000149001
24,BACILON LIQUID 5ML,BACILON LIQUID 5ML,,ED000149000
25,BACIMOX  NEW,BACIMOX  NEW,,ED000009447
26,BACK REST EHS-BR779A PATIENT 1*1PCS,BACK REST EHS-BR779A PATIENT 1*1PCS,,
27,BACLAC CL 10S,BACLAC CL 10S,,
28,BACLAC CL SUSPENSION 10^S,BACLAC CL SUSPENSION Strip of 10,,
29,BACLASIS LOTION,BACLASIS LOTION,,
30,BACLOF 10 10^S,BACLOF 10 Strip of 10,,ED000009463
31,BACLOF 25 10^S,BACLOF 25 Strip of 10,,ED000009464
32,BACLOF LIQUID 100ML,BACLOF LIQUID 100ML,,ED000009465
33,BACLOF OD 20 10^S,BACLOF OD 20 Strip of 10,,ED000009466
34,BACLOF OD 30 10^S,BACLOF OD 30 Strip of 10,,ED000009467
35,BACLOF OD 30 10T,BACLOF OD 30 10T,,ED000009467
36,BACLOREN-10 10^S,BACLOREN-10 Strip of 10,,ED000009470
37,BACLOREN-20 10^S,BACLOREN-20 Strip of 10,,ED000009471
38,BACLOTOP-10 10*10T,BACLOTOP-10 10*10T,,ED000009475
39,BACSTOL 200 TABLETS 10^S,BACSTOL 200 ,TABLETS Strip of 10,ED000009490
40,BACSTOL 100 TABLETS 10^S,BACSTOL 100 ,TABLETS Strip of 10,ED000009492
41,BACT BLEND CAPSULES,BACT BLEND ,CAPSULES,ED000117186
42,BACTAFUZ CREAM 5GM,BACTAFUZ ,CREAM 5GM,ED000009493
43,BACTICURE 250 1*10,BACTICURE 250 1*10,,ED000134433
44,BACTICURE 500 1*6,BACTICURE 500 1*6,,ED000140985
45,BACTICURE INJECTION 1.5GM,BACTICURE ,INJECTION 1.5GM,ED000134434
46,BACTICURE-750MG INJECTION,BACTICURE-750MG ,INJECTION,ED000145108
47,BACTIMAX CREAM 7.5GM,BACTIMAX ,CREAM 7.5GM,ED000009522
48,BACTIV CAPSULES 10^S,BACTIV ,CAPSULES Strip of 10,ED000009539
49,BACTOCLAV 375 TABLETS 10^S,BACTOCLAV 375 ,TABLETS Strip of 10,ED000009551
50,BACTOCLAV 625 # 6^S,BACTOCLAV 625 # Strip of 6,,ED000009556
51,BACTOCLAV 625 TABLETS 10^S,BACTOCLAV 625 ,TABLETS Strip of 10,ED000009555
52,BACTOCLAV DROPS 12% 10ML,BACTOCLAV ,DROPS 12% 10ML,ED000009557
53,BACTOCLAV DRY SYRUP 30ML,BACTOCLAV DRY ,SYRUP 30ML,ED000009548
54,BACTOCLAV DT TABLETS 10^S,BACTOCLAV DT ,TABLETS Strip of 10,ED000009549
55,BACTOCLAV(457)DS DRY SYP 30ML,BACTOCLAV(457)DS DRY SYP 30ML,,ED000009559
56,BACTOCLAV1000 TABLETS 4S,BACTOCLAV1000 ,TABLETS 4S,ED000009558
57,BACTOGARD 200 TABLETS 10S,BACTOGARD 200 ,TABLETS 10S,ED000009569
58,BACTOGARD CV 100 D SYP 30ML,BACTOGARD CV 100 D SYP 30ML,,ED000009572
59,BACTOGARD CV 200 TABLETS 10S,BACTOGARD CV 200 ,TABLETS 10S,ED000009573
60,BACTOGARD CV 50 DS 30ML,BACTOGARD CV 50 DS 30ML,,ED000009574
61,BACTOMIN 375 MG TABLETS 1*10T,BACTOMIN 375 MG ,TABLETS 1*10T,ED000009578
62,BACTOMIN 750 MG TABLETS 1*6T,BACTOMIN 750 MG ,TABLETS 1*6T,ED000009579
63,BACTRIM DS* TABLETS $ 10S,BACTRIM DS* ,TABLETS $ 10S,ED000009587
64,BACTRIM SYP 50ML,BACTRIM SYP 50ML,,ED000009589
65,BAEL CAPSULES 60S,BAEL ,CAPSULES 60S,ED000009594
66,BAGA 300 15S,BAGA 300 15S,,ED000140987
67,BAGA M 15S,BAGA M 15S,,ED000140990
68,BAGA NT 15S,BAGA NT 15S,,ED000140989
69,BAGA NT 100 15S,BAGA NT 100 15S,,ED000140988
70,BAKFLEX A 10^S,BAKFLEX A Strip of 10,,ED000009602
71,BAKFLEX A 8 10^S,BAKFLEX A 8 Strip of 10,,
72,BAKFLEX PLUS 10^S,BAKFLEX PLUS Strip of 10,,ED000009605
73,BAKLOT EYE DROPS 5ML,BAKLOT EYE ,DROPS 5ML,ED000009606
74,BAKWEL AP 10^S,BAKWEL AP Strip of 10,,ED000009613
75,BALISTA 100 MG 10^S,BALISTA 100 MG Strip of 10,,ED000009631
76,BALOFORCE-100 10 TABLETS,BALOFORCE-100 10 ,TABLETS,ED000009643
77,BALUJA BS TABLETS 10^S,BALUJA BS ,TABLETS Strip of 10,ED000121596
78,BALUJA CAPSULES 10^S,BALUJA ,CAPSULES Strip of 10,ED000149005
79,BALVIBE TABLETS,BALVIBE ,TABLETS,ED000009659
80,BAMBUDIL 10 10S,BAMBUDIL 10 10S,,ED000009670
81,BANATAN CREAM 50GM,BANATAN ,CREAM 50GM,ED000009681
82,BAND AID BOX BY J @ J,BAND AID BOX BY J @ J,,ED000180789
83,BANDAGE ROLL(10CM*3M)BMT 1*12NOS,BANDAGE ROLL(10CM*3M)BMT 1*12NOS,,ED000174710
84,BANDAGE ROLL(15CM*3M)BMT 1*12NOS,BANDAGE ROLL(15CM*3M)BMT 1*12NOS,,ED000174711
85,BANDAGE ROLL(5CM*3M)BMT 1*12NOS,BANDAGE ROLL(5CM*3M)BMT 1*12NOS,,ED000174712
86,BANDAGE ROLL(7.5CM*3M)BMT 1*12NOS,BANDAGE ROLL(7.5CM*3M)BMT 1*12NOS,,ED000174713
87,BANDAGE ROLER 5CM*3MTR 1*12NOS,BANDAGE ROLER 5CM*3MTR 1*12NOS,,ED000174778
88,BANDAGE ROLER(10CM*3M) 1*12NOS,BANDAGE ROLER(10CM*3M) 1*12NOS,,ED000174722
89,BANDAGE ROLER(15CM*3M) 1*12NOS,BANDAGE ROLER(15CM*3M) 1*12NOS,,ED000174715
90,BANDY PLUS 12 TABLETS 1^S,BANDY PLUS 12 ,TABLETS Strip of 1,ED000009689
91,BANDY PLUS SUSPENSION 10ML,BANDY PLUS SUSPENSION 10ML,,ED000009688
92,BANDY PLUS TABLETS 1^S,BANDY PLUS ,TABLETS Strip of 1,ED000009690
93,BANDY SUSPENSION 10ML,BANDY SUSPENSION 10ML,,ED000009686
94,BANDY TABLETS 1^S,BANDY ,TABLETS Strip of 1,ED000009687
95,BANOCIDE 50MG 10S,BANOCIDE 50MG 10S,,ED000009700
96,BANOCIDE FORTE 30S,BANOCIDE FORTE 30S,,ED000009703
97,BANOCIDE TABLETS 10TABLETS,BANOCIDE ,TABLETS,ED000009700
98,BANOFLAM D 10S,BANOFLAM D 10S,,ED000144235
99,BANOFLAM FORTE 10S,BANOFLAM FORTE 10S,,ED000144236
100,BANRAY 45 50GM,BANRAY 45 50GM,,ED000009707
101,BARIKIND 4 TABLETS 14T,BARIKIND 4 ,TABLETS 14T,ED000158266
102,BASAGLAR CARTRIDES 5*3ML,BASAGLAR CARTRIDES 5*3ML,,ED000110497
103,BASAGLAR KWIK PEN 1*vial,BASAGLAR KWIK PEN 1*vial,,ED000110498
104,BASALOG (SYRINGE) 3ML,BASALOG (SYRINGE) 3ML,,ED000009784
105,BASALOG ONE 100IU/ML PREFILLED 1^S,BASALOG ONE 100IU/ML PREFILLED Strip of 1,,ED000110499
106,BASALOG(100IU)VIAL 3ML,BASALOG(100IU)VIAL 3ML,,ED000009784
107,BASALOG(100IU)VIALS 5ML,BASALOG(100IU)VIALS 5ML,,ED000009785
108,BASALOG(100IU)VIAL 3ML.,BASALOG(100IU)VIAL 3ML.,,ED000009784
109,BASALOG(100IU)VIAL 10ML,BASALOG(100IU)VIAL 10ML,,ED000009783
110,BASALOG(100IU)VIAL 5ML,BASALOG(100IU)VIAL 5ML,,ED000009785
111,BASALOG(REFIL) 5*3M,BASALOG(REFIL) 5*3M,,ED000009788
112,BASALOG(REFIL) 5*3ML,BASALOG(REFIL) 5*3ML,,ED000009788
113,BASALOG(REFIL)CARTRIGES 100IU 3*3^S,BASALOG(REFIL)CARTRIGES 100IU 3*Strip of 3,,ED000009787
114,BASITON FORTE NEW 15S,BASITON FORTE NEW 15S,,ED000131928
115,BASITON FORTE WITH BIOTIN TABLETS,BASITON FORTE WITH BIOTIN ,TABLETS,ED000009797
116,BATTEN P SYP 60ML,BATTEN P SYP 60ML,,ED000121597
117,BATTERY ASSY,BATTERY ASSY,,
118,BAXTIN H CAPSULES 10^S,BAXTIN H ,CAPSULES Strip of 10,ED000121247
119,BAYACE 100MG CAPSULES 10^S,BAYACE 100MG ,CAPSULES Strip of 10,ED000009819
120,BAYCIP 250 TABLETS 10^S,BAYCIP 250 ,TABLETS Strip of 10,ED000009821
121,BAYCIP 500 TABLETS 10^S,BAYCIP 500 ,TABLETS Strip of 10,ED000009822
122,BAYCIP TZ TABLETS 10^S,BAYCIP TZ ,TABLETS Strip of 10,ED000009824
123,BAYERS TONIC 250ML,BAYERS TONIC 250ML,,ED000009826
124,BAYWIN 300 CAPSULES 10^S,BAYWIN 300 ,CAPSULES Strip of 10,
125,BB 24 SUSPENSION 150ML,BB 24 SUSPENSION 150ML,,ED000009833
126,B-BACT OINTMENT 10GM,B-BACT ,OINTMENT 10GM,ED000009334
127,B-BACT OINTMENT 5GM,B-BACT ,OINTMENT 5GM,ED000009335
128,B-BACT OINTMENT 15GM,B-BACT ,OINTMENT 15GM,ED000142067
129,B-CAL TABLETS,B-CAL ,TABLETS,ED000009233
130,B-CET M TABLETS 10S,B-CET M ,TABLETS 10S,ED000110486
131,B-CIN 100MG 10S,B-CIN 100MG 10S,,ED000009336
132,B-CIN 200MG 10S,B-CIN 200MG 10S,,ED000009337
133,B-CIN TABLETS 1*10,B-CIN ,TABLETS 1*10,ED000009336
134,B-CITAM 10T,B-CITAM 10T,,ED000110501
135,BD SYRINGE(21*1-1) 10ML,BD SYRINGE(21*1-1) 10ML,,ED000184464
136,BD SYRINGE(22*1) 2ML,BD SYRINGE(22*1) 2ML,,ED000184230
137,BD SYRINGE(22*1) 3ML,BD SYRINGE(22*1) 3ML,,ED000184228
138,BD SYRINGE(22*1) 5ML,BD SYRINGE(22*1) 5ML,,ED000184229
139,BD SYRINGE(23*1) 2ML,BD SYRINGE(23*1) 2ML,,ED000184225
140,BD SYRINGE(23*1) 3ML,BD SYRINGE(23*1) 3ML,,ED000184219
141,BD SYRINGE(23*1) 5ML,BD SYRINGE(23*1) 5ML,,ED000184226
142,BD SYRINGE(24*1) 2ML,BD SYRINGE(24*1) 2ML,,ED000184224
143,BD SYRINGE(24*1) 3ML,BD SYRINGE(24*1) 3ML,,ED000184221
144,BD SYRINGE(24*1) 5ML,BD SYRINGE(24*1) 5ML,,ED000184223
145,BD INSULIN SYRINGE U40 1ML,BD INSULIN SYRINGE U40 1ML,,ED000184217
146,BDIFF A GEL. 15GM,BDIFF A ,GEL. 15GM,ED000009853
147,BEAT HF 5 TABLETS 10T,BEAT HF 5 ,TABLETS 10T,ED000130444
148,BEAT HF 7.5 TABLETS 10T,BEAT HF 7.5 ,TABLETS 10T,ED000130445
149,BEAUTRIX TABLETS 10^S,BEAUTRIX ,TABLETS Strip of 10,
150,BEBYMIL JUNIOR(TIN) 200GM,BEBYMIL JUNIOR(TIN) 200GM,,ED000149007
151,BECADEXAMIN CAPSULES# 30^S,BECADEXAMIN ,CAPSULES# Strip of 30,ED000009872
152,BECADEXAMIN CAPSULES 30S,BECADEXAMIN ,CAPSULES 30S,ED000009872
153,BECELAC FORTZ CAPSULES 15^S,BECELAC FORTZ ,CAPSULES Strip of 15,ED000009885
154,BECELAC PB CAPSULES 10^S,BECELAC PB ,CAPSULES Strip of 10,ED000009886
155,BECLATE 200 CFC FREE 200MD,BECLATE 200 CFC FREE 200MD,,ED000009908
156,BECLATE 200 ROTACAPSULES 30CAPSULES,BECLATE 200 ROTA,CAPSULES,ED000009903
157,BECLATE-400 ROTACAPSULES 30CAPSULES,BECLATE-400 ROTA,CAPSULES,ED000009905
158,BECLIN PLUS TABLETS 10^S,BECLIN PLUS ,TABLETS Strip of 10,ED000119101
159,BECLIN-100 1*10,BECLIN-100 1*10,,ED000119102
160,BECLORATE LOTION 50ML,BECLORATE LOTION 50ML,,ED000161144
161,BECOMAX C FORTE CAPSULES 15S,BECOMAX C FORTE ,CAPSULES 15S,ED000110505
162,BECON PLUS CAPSULES 10^S,BECON PLUS ,CAPSULES Strip of 10,ED000009956
163,BECON TABLETS. 10^S,BECON ,TABLETS. Strip of 10,ED000110506
164,BECOSULES CAPSULES 20^S,BECOSULES ,CAPSULES Strip of 20,ED000009979
165,BECOSULES WOMEN CAPSULES 25^S,BECOSULES WOMEN ,CAPSULES Strip of 25,ED000009981
166,BECOSULES JUNIOR 200ML,BECOSULES JUNIOR 200ML,,ED000110507
167,BECOSULES PERFORMANCE 15^S,BECOSULES PERFORMANCE Strip of 15,,ED000009982
168,BECOSULES PLUS 30^S,BECOSULES PLUS Strip of 30,,ED000009983
169,BECOSULES SYP 120ML,BECOSULES SYP 120ML,,ED000009984
170,BECOSULES Z CAPSULES 20,BECOSULES Z ,CAPSULES 20,ED000009987
171,BECOVIT M INJECTION 1*5,BECOVIT M ,INJECTION 1*5,
172,BECOZINC CAPSULES 20^S,BECOZINC ,CAPSULES Strip of 20,ED000010001
173,BECOZINC CAPSULES 30^S,BECOZINC ,CAPSULES Strip of 30,ED000010002
174,BECOZINC G CAPSULES 10^S,BECOZINC G ,CAPSULES Strip of 10,ED000010005
175,BECOZINC H SYRUP 200ML,BECOZINC H ,SYRUP 200ML,ED000010006
176,BECOZINC M TABLETS 10^S,BECOZINC M ,TABLETS Strip of 10,ED000160576
177,BECOZINC SYP 200ML,BECOZINC SYP 200ML,,ED000010007
178,BECOZYM C FORTE* TABLETS 15S,BECOZYM C FORTE* ,TABLETS 15S,ED000010008
179,BECTRAP CV  CAPSULES 10^S,BECTRAP CV  ,CAPSULES Strip of 10,ED000174923
180,BED PAN ECONOMY CARENT 1*1NOS,BED PAN ECONOMY CARENT 1*1NOS,,ED000174570
181,BED SHEET,BED SHEET,,ED000156064
182,BEIPOS EYE DROP 5ML,BEIPOS EYE ,DROP 5ML,ED000010061
183,BEIPOS TABLETS 10T,BEIPOS ,TABLETS 10T,ED000010060
184,BELAC 625 TABLETS 10,BELAC 625 ,TABLETS 10,ED000121248
185,BELANO-EZ-3004,BELANO-EZ-3004,,ED000010066
186,BELATIN 40 10S,BELATIN 40 10S,,ED000176692
187,BELATIN M 10^S,BELATIN M Strip of 10,,ED000152101
188,BELATIN SYRUP 60ML,BELATIN ,SYRUP 60ML,ED000149009
189,BELIC INJECTION 1*1,BELIC ,INJECTION 1*1,ED000010072
190,BELIC TABLETS 10^S,BELIC ,TABLETS Strip of 10,ED000010071
191,BELINA GEL 20GM,BELINA ,GEL 20GM,ED000141290
192,BELLYWELL M TABLETS 10^S,BELLYWELL M ,TABLETS Strip of 10,ED000149011
193,BELTAS TABLETS 10^S,BELTAS ,TABLETS Strip of 10,ED000115744
194,BENADEX SYP 100ML,BENADEX SYP 100ML,,ED000121035
195,BENADON TABLETS # 10^S,BENADON ,TABLETS # Strip of 10,ED000010119
196,BENADON* TABLETS 2*10S,BENADON* ,TABLETS 2*10S,ED000010119
197,BENADRYL COUGH SYP 450ML,BENADRYL COUGH SYP 450ML,,ED000010125
198,BENADRYL COUGH SYR 50ML,BENADRYL COUGH SYR 50ML,,ED000010121
199,BENADRYL COUGH SYR 150ML,BENADRYL COUGH SYR 150ML,,ED000010124
200,BENADRYL DR COUGH SYP 100ML,BENADRYL DR COUGH SYP 100ML,,ED000119864
201,BENADRYL DR COUGH SYP 50ML,BENADRYL DR COUGH SYP 50ML,,ED000119863
202,BENADRYL-DR COUGH LOZENGES 4^S,BENADRYL-DR COUGH LOZENGES Strip of 4,,ED000133140
203,BENADRYL-DRY COUGH ACT/RELF 50ML,BENADRYL-DRY COUGH ACT/RELF 50ML,,ED000119863
204,BENADRYL-DRY COUGH ACT/RELIEF 100ML,BENADRYL-DRY COUGH ACT/RELIEF 100ML,,ED000119864
205,BENALGIS FORTE 15C,BENALGIS FORTE 15C,,ED000110539
206,BENALGIS TABLETS          (4X10) 10 TABLETS,BENALGIS ,TABLETS,ED000010130
207,BENCID TABLETS 10^S,BENCID ,TABLETS Strip of 10,ED000010133
208,BENDEX 400 TABLETS 1TABLETS,BENDEX 400 ,TABLETS,ED000010140
209,BENDEX PLUS TABLETS 1TABLETS,BENDEX PLUS ,TABLETS,ED000010141
210,BENDEX SUSPENSION. 10ML,BENDEX SUSPENSION. 10ML,,ED000010139
211,BENEFICIALE CAPSULES 15S,BENEFICIALE ,CAPSULES 15S,ED000010144
212,BENEFICIALE DROPS 15ML,BENEFICIALE ,DROPS 15ML,ED000010145
213,BENEFICIALE LIQ 200ML,BENEFICIALE LIQ 200ML,,ED000010147
214,BENEFICIALE LIQ 100ML,BENEFICIALE LIQ 100ML,,ED000010146
215,BENEFLORA S CAPSULES 10^S,BENEFLORA S ,CAPSULES Strip of 10,ED000010149
216,BENEFLORA S SACH 1GM,BENEFLORA S SACH 1GM,,ED000010150
217,BENEGUT SUSPENSION (2*6*5ML) 12^S,BENEGUT SUSPENSION (2*6*5ML) Strip of 12,,ED000183381
218,BENEGUT SUSPENSION(2*6*5ML) 12^S,BENEGUT SUSPENSION(2*6*5ML) Strip of 12,,ED000183381
219,BENERIA GEL 30GM,BENERIA ,GEL 30GM,ED000130971
220,BENFAGE FORTE,BENFAGE FORTE,,ED000010157
221,BENFAGE PLUS,BENFAGE PLUS,,ED000010158
222,BENFO FORTE,BENFO FORTE,,ED000010161
223,BENFO PLUS,BENFO PLUS,,ED000010163
224,BENFOMET FORTE TABLETS 10^S,BENFOMET FORTE ,TABLETS Strip of 10,ED000010166
225,BENFOMET PLUS TABLETS 10^S,BENFOMET PLUS ,TABLETS Strip of 10,ED000010167
226,BENFOMET TABLETS 10^S,BENFOMET ,TABLETS Strip of 10,ED000010165
227,BENFOSULES CAPSULES 10:S,BENFOSULES ,CAPSULES 10:S,
228,BENFREE 10CAPSULES,BENFREE 10,CAPSULES,ED000010175
229,BENGEL AC 2.5% GEL 30GM,BEN,GEL 30GM,ED000010178
230,BENGEL AC 2.5% GEL * 30GM,BEN,GEL * 30GM,ED000010178
231,BENGREAT 4MG TABLETS 3*10^S,BENGREAT 4MG ,TABLETS 3*Strip of 10,ED000010180
232,BENGREAT 8MG TABLETS 3*10^S,BENGREAT 8MG ,TABLETS 3*Strip of 10,ED000010181
233,BENIBUZ 4 TABLETS,BENIBUZ 4 ,TABLETS,ED000010182
234,BENIBUZ 8 TABLETS 10*10,BENIBUZ 8 ,TABLETS 10*10,ED000010183
235,BENIBUZ AT TABLETS 10*10,BENIBUZ AT ,TABLETS 10*10,ED000010184
236,BENIBUZ BETA 50 10*10,BENIBUZ BETA 50 10*10,,ED000117198
237,BENIBUZ FORTE TABLETS 10*10,BENIBUZ FORTE ,TABLETS 10*10,ED000010185
238,BENIBUZ TM TABLETS 10*10,BENIBUZ TM ,TABLETS 10*10,ED000010186
239,BENIDUCE 4 TABLETS 10.S,BENIDUCE 4 ,TABLETS 10.S,ED000010210
240,BENIDUCE 8 TABLETS 10.S,BENIDUCE 8 ,TABLETS 10.S,ED000010211
241,BENIFLO TABLETS 4MG 15^S,BENIFLO ,TABLETS 4MG Strip of 15,ED000141291
242,BENIFLO TABLETS 8MG 10^S,BENIFLO ,TABLETS 8MG Strip of 10,ED000010215
243,BENIFLO TABLETS 8MG 15^S,BENIFLO ,TABLETS 8MG Strip of 15,ED000141292
244,BENIKITE 4 TABLETS 10,BENIKITE 4 ,TABLETS 10,
245,BENIKITE 8 TABLETS 10,BENIKITE 8 ,TABLETS 10,
246,BENINA 4 TABLETS 1*30T,BENINA 4 ,TABLETS 1*30T,ED000010224
247,BENITEC 20MG 10S,BENITEC 20MG 10S,,ED000110542
248,BENITEC A 10S,BENITEC A 10S,,ED000110544
249,BENITEC H 40 10T,BENITEC H 40 10T,,ED000110546
250,BENITOWA 4 TABLETS 15T,BENITOWA 4 ,TABLETS 15T,ED000161218
251,BENITOWA 8 TABLETS 10T,BENITOWA 8 ,TABLETS 10T,ED000010247
252,BENITOWA AT TABLETS 10^S,BENITOWA AT ,TABLETS Strip of 10,ED000010248
253,BENITOWA BETA 25 10T,BENITOWA BETA 25 10T,,ED000010249
254,BENITOWA BETA 50 15T,BENITOWA BETA 50 15T,,ED000160578
255,BENITOWA CH TABLETS 10T,BENITOWA CH ,TABLETS 10T,ED000010251
256,BENITOWA TM TABLETS 10^S,BENITOWA TM ,TABLETS Strip of 10,ED000010252
257,BENITOWA TRIO TABLETS 1*10T,BENITOWA TRIO ,TABLETS 1*10T,ED000010253
258,BENIZEP CAPSULES 1*10,BENIZEP ,CAPSULES 1*10,ED000142077
259,BENLONG 4 TABLETS 10T,BENLONG 4 ,TABLETS 10T,ED000010257
260,BENLONG 4 TABLETS 10^S,BENLONG 4 ,TABLETS Strip of 10,ED000010257
261,BENLONG 8 TABLETS 10T,BENLONG 8 ,TABLETS 10T,
262,BENLONG 8 TABLETS 10^S,BENLONG 8 ,TABLETS Strip of 10,ED000010258
263,BENMEC 10^S,BENMEC Strip of 10,,ED000010259
264,BENMEC CAPSULES. 10S,BENMEC ,CAPSULES. 10S,ED000010259
265,BENXOP 2.5 GEL 20GM,BENXOP 2.5 ,GEL 20GM,ED000010292
266,BENXOP 2.5 GEL # 20GM,BENXOP 2.5 ,GEL # 20GM,ED000010292
267,BENXOP 5 GEL 20GM,BENXOP 5 ,GEL 20GM,ED000010294
268,BENXOP FACEWASH # 50GM,BENXOP FACEWASH # 50GM,,ED000010293
269,BENXOP FACEWASH 50GM,BENXOP FACEWASH 50GM,,ED000010293
270,BENZAC AC 2.5% GEL 20GM,BENZAC AC 2.5% ,GEL 20GM,ED000010303
271,BENZAC AC 5% GEL 20GM,BENZAC AC 5% ,GEL 20GM,ED000010304
272,BENZADAF GEL 15GM,BENZADAF ,GEL 15GM,ED000010305
273,BENZER 2.5 GEL 20GM,BENZER 2.5 ,GEL 20GM,ED000010311
274,BENZONIX 2.5% SOAP 75GM,BENZONIX 2.5% ,SOAP 75GM,ED000110549
275,BENZONIX 5% OINTMENT 10 GM,BENZONIX 5% ,OINTMENT 10 GM,ED000121330
276,BENZONIX GEL WASH 50GM 50GM,BENZONIX ,GEL WASH 50GM 50GM,ED000129801
277,BENZONIX-1.25% SOAP 75GM,BENZONIX-1.25% ,SOAP 75GM,ED000010334
278,BENZONIX-2.5 GEL 20GM,BENZONIX-2.5 ,GEL 20GM,ED000010335
279,BENZONIX-5 GEL 20GM,BENZONIX-5 ,GEL 20GM,ED000010336
280,BENZORG TABLETS,BENZORG ,TABLETS,ED000117199
281,BEPLEX FORTE TABLETS 20S,BEPLEX FORTE ,TABLETS 20S,ED000010366
282,BEPLEX FORTE PLUS ELIXIR 220ML,BEPLEX FORTE PLUS ELIXIR 220ML,,ED000010373
283,BEPLEX FORTE PLUS EXR 120ML,BEPLEX FORTE PLUS EXR 120ML,,ED000010372
284,BEPLEX FOTRE MONO VIAL 11ML,BEPLEX FOTRE MONO VIAL 11ML,,ED000133141
285,BEPLEX LZ TABLETS 10^S,BEPLEX LZ ,TABLETS Strip of 10,ED000010368
286,BEPLEX NU CAPSULES 10^S,BEPLEX NU ,CAPSULES Strip of 10,ED000010370
287,BEPOCHEK EYE DROP 5ML,BEPOCHEK EYE ,DROP 5ML,ED000133868
288,BEPODROPS EYE DROPS 5ML,BEPO,DROPS 5ML,ED000010378
289,BEPOFREE EYE DROPS 5ML,BEPOFREE EYE ,DROPS 5ML,ED000010379
290,BEPOGRA TABLETS 1*10,BEPOGRA ,TABLETS 1*10,ED000010380
291,BEPOMAC  TABLETS 10.S,BEPOMAC  ,TABLETS 10.S,ED000010381
292,BEPOSTAR TABLETS 10^S,BEPOSTAR ,TABLETS Strip of 10,ED000010382
293,BEPOSURGE 5ML,BEPOSURGE 5ML,,ED000119466
294,BEPOTIME EYE DROPS 5ML,BEPOTIME EYE ,DROPS 5ML,ED000149012
295,BEPOZAL TABLETS# 10S,BEPOZAL ,TABLETS# 10S,ED000010383
296,BEPOZAL TABLETS 10^S,BEPOZAL ,TABLETS Strip of 10,ED000010383
297,BEPOZIC TABLETS 10T,BEPOZIC ,TABLETS 10T,ED000010384
298,BERBESHINE TABLETS 5% 10,BERBESHINE ,TABLETS 5% 10,ED000010394
299,BERBESHINE TABLETS 10^S,BERBESHINE ,TABLETS Strip of 10,ED000010394
300,BERBESTA TABLETS 10^S,BERBESTA ,TABLETS Strip of 10,ED000010395
301,BERBESTA TABLETS 1*10,BERBESTA ,TABLETS 1*10,ED000010395
302,BERBICURE 10^S,BERBICURE Strip of 10,,ED000149013
303,BEROCIN DZ 10^S,BEROCIN DZ Strip of 10,,
304,BERZIN 16,BERZIN 16,,ED000010412
305,BERZIN 8,BERZIN 8,,ED000010414
306,BESICOR 5 TABLETS 15.S,BESICOR 5 ,TABLETS 15.S,ED000158718
307,BESICOR AM 5/2.5 15^S,BESICOR AM 5/2.5 Strip of 15,,ED000157849
308,BESICOR AM 5/5 15^S,BESICOR AM 5/5 Strip of 15,,ED000157827
309,BESICOR C 2.5 10^,BESICOR C 2.5 10^,,ED000010419
310,BESICOR C 2.5,BESICOR C 2.5,,ED000010419
311,BESICOR C 5/10 10^S,BESICOR C 5/10 Strip of 10,,ED000010420
312,BESICOR T 2.5,BESICOR T 2.5,,ED000010421
313,BESICOR T 5,BESICOR T 5,,ED000010422
314,BESIVANCE 5ML,BESIVANCE 5ML,,
315,BESIX EYE/DROPS 5ML,BESIX EYE/,DROPS 5ML,ED000010425
316,BESPRO POWDER (ELAICHI) 200GM,BESPRO ,POWDER (ELAICHI) 200GM,ED000121216
317,BESPRO POWDER CHOCO 200GM,BESPRO ,POWDER CHOCO 200GM,ED000110556
318,BESPRO POWDER(ICE)18% 200GM,BESPRO ,POWDER(ICE)18% 200GM,ED000121217
319,BESPRO S.F(CHOC)PDR 200GM,BESPRO S.F(CHOC)PDR 200GM,,ED000110556
320,BESTACE CAPSULES 10^S,BESTACE ,CAPSULES Strip of 10,ED000110557
321,BESTACE CAPSULES 12% 10^S,BESTACE ,CAPSULES 12% Strip of 10,ED000110557
322,BESTACE Q TABLETS 10^S,BESTACE Q ,TABLETS Strip of 10,ED000110558
323,BESTAGE TABLETS 18% 10.S,BESTAGE ,TABLETS 18% 10.S,ED000010442
324,BESTFLOW D TABLETS 10T,BESTFLOW D ,TABLETS 10T,ED000010447
325,BESTFLOW TABLETS 10*10,BESTFLOW ,TABLETS 10*10,ED000010448
326,BESTO CART 1*10,BESTO CART 1*10,,
327,BESTOFLOX 200TABLETS,BESTOFLOX 200,TABLETS,ED000010475
328,BESTOFLOX-N SUS,BESTOFLOX-N SUS,,ED000010480
329,BESTOGESIC GEL 30GM,BESTOGESIC ,GEL 30GM,ED000010487
330,BESTOGESIC PLUS,BESTOGESIC PLUS,,ED000010493
331,BESTOPIC N 1*10GM,BESTOPIC N 1*10GM,,ED000010511
332,BESTOR 10MG TABLETS 10^S,BESTOR 10MG ,TABLETS Strip of 10,ED000010517
333,BESTOR 20MG 10S,BESTOR 20MG 10S,,ED000010518
334,BESTOR 5MG TABLETS 10^S,BESTOR 5MG ,TABLETS Strip of 10,ED000010519
335,BESTOR FN TABLETS 10^S,BESTOR FN ,TABLETS Strip of 10,ED000010520
336,BESTOVA-100 5,BESTOVA-100 5,,ED000010524
337,BESTOVA-50 5,BESTOVA-50 5,,ED000010525
338,BESTOVA-L 5^S,BESTOVA-L Strip of 5,,ED000010526
339,BESTOZINC TABLETS,BESTOZINC ,TABLETS,ED000010531
340,BESTOZYME CAPSULES 15^S,BESTOZYME ,CAPSULES Strip of 15,ED000010535
341,BESTOZYME DROPS 15ML,BESTOZYME ,DROPS 15ML,
342,BESTOZYME PAED SYP 60ML,BESTOZYME PAED SYP 60ML,,ED000010537
343,BESTOZYME SYRUP 200ML,BESTOZYME ,SYRUP 200ML,ED000010534
344,BETA ANXIT 20 TABLETS 10^S,BETA ANXIT 20 ,TABLETS Strip of 10,ED000010548
345,BETA CITAM 10T,BETA CITAM 10T,,ED000010593
346,BETA COBAL FORTE INJECTION,BETA COBAL FORTE ,INJECTION,ED000010549
347,BETA COBAL FORTE TABLETS,BETA COBAL FORTE ,TABLETS,ED000010550
348,BETA EC PLUS CAPSULES 10,BETA EC PLUS ,CAPSULES 10,
349,BETA EC-3004 1*15,BETA EC-3004 1*15,,ED000110561
350,BETA NICARDIA CAPSULES 10^S,BETA NICARDIA ,CAPSULES Strip of 10,ED000010557
351,BETABLETSEST XL 25 10.S,BE,TABLETSEST XL 25 10.S,ED000010564
352,BETABLETSEST XL 50 TABLETS 10^S,BE,TABLETS Strip of 10,ED000010565
353,BETABLETSRIM EYE DROP # 5ML,BE,TABLETSRIM EYE DROP # 5ML,ED000010568
354,BETABLETSRIM EYE DROPS-30049099 5ML,BE,TABLETSRIM EYE DROPS-30049099 5ML,ED000010568
355,BETABLETSRIM UNO,BE,TABLETSRIM UNO,ED000010569
356,BETACAPSULES 10 TABLETS 10^S,BETA,CAPSULES 10 TABLETS Strip of 10,ED000010570
357,BETACAPSULES 20 TABLETS 10^S,BETA,CAPSULES 20 TABLETS Strip of 10,ED000010572
358,BETACAPSULES PLUS 10 CAPSULES 10^S,BETA,CAPSULES Strip of 10,ED000010576
359,BETACAPSULES PLUS 5 CAPSULES 10^S,BETA,CAPSULES Strip of 10,ED000010577
360,BETACAPSULES TR 20 TABLETS 10^S,BETA,CAPSULES TR 20 TABLETS Strip of 10,ED000010571
361,BETACAPSULES TR 40 CAPSULES 10^S,BETA,CAPSULES Strip of 10,ED000010573
362,BETACAPSULES TR 60 CAPSULES 10^S,BETA,CAPSULES Strip of 10,ED000010574
363,BETACAPSULES TR 80 CAPSULES 10^S,BETA,CAPSULES Strip of 10,ED000010575
364,BETACARD 100 TABLETS 14^S,BETACARD 100 ,TABLETS Strip of 14,ED000010579
365,BETACARD 25 TABLETS 14^S,BETACARD 25 ,TABLETS Strip of 14,ED000010581
366,BETACARD 50 TABLETS 14^S,BETACARD 50 ,TABLETS Strip of 14,ED000010583
367,BETACARD AM TABLETS 10^S,BETACARD AM ,TABLETS Strip of 10,ED000010585
368,BETACARD AM TABLETS 15S,BETACARD AM ,TABLETS 15S,ED000140773
369,BETADINE(10%)OINTMENT 20 GM,BETADINE(10%),OINTMENT 20 GM,ED000151895
370,CHYMOGRAND TABLETS 1*10,CHYMOGRAND ,TABLETS 1*10,ED000110946
371,BETADINE(10%)OINTMENT 15GM,BETADINE(10%),OINTMENT 15GM,ED000010611
372,BETADINE(10%)OINTMENT 20GM,BETADINE(10%),OINTMENT 20GM,ED000151895
373,BETADINE(10%)SOLUTION 100ML,BETADINE(10%)SOLUTION 100ML,,ED000010613
374,BETADINE(10%)SOLUTION BIG 500ML,BETADINE(10%)SOLUTION BIG 500ML,,ED000010614
375,BETADINE(5%)OINTMENT 25GM,BETADINE(5%),OINTMENT 25GM,ED000010621
376,BETADINE(AD)LOTION 60ML,BETADINE(AD)LOTION 60ML,,ED000010628
377,BETADINE(BIG)OINTMENT 125GM,BETADINE(BIG),OINTMENT 125GM,ED000010619
378,BETADINE(BIG)OINTMENT 250GM,BETADINE(BIG),OINTMENT 250GM,ED000010622
379,BETADINE(FIRSTAID)4% SOLN 50ML,BETADINE(FIRSTAID)4% SOLN 50ML,,ED000010629
380,BETADINE(GARGLE)2%MINT 100ML,BETADINE(GARGLE)2%MINT 100ML,,ED000010630
381,BETADINE(GARGLE)2%MINT 50ML,BETADINE(GARGLE)2%MINT 50ML,,ED000010631
382,BETADINE(GRANULE)MOUTHWASH 5*2GM,BETADINE(GRANULE)MOUTHWASH 5*2GM,,ED000110568
383,BETADINE(POWDER)SPRINKLING 10GM,BETADINE(,POWDER)SPRINKLING 10GM,ED000010632
384,BETADINE(STD)MICRO 5% SOL 500ML,BETADINE(STD)MICRO 5% SOL 500ML,,ED000110569
385,BETADINE(STD)MICRO SOL 1000ML,BETADINE(STD)MICRO SOL 1000ML,,ED000010634
386,BETADINE(SURGSCRUB) 50ML,BETADINE(SURGSCRUB) 50ML,,ED000010626
387,BETADINE(SURGSCUB) 500ML,BETADINE(SURGSCUB) 500ML,,ED000010627
388,BETADINE(SURGSCUB)7.5% SOLN 50ML,BETADINE(SURGSCUB)7.5% SOLN 50ML,,ED000010626
389,BETADINE(VAGINAL)LIQ DOU 200ML,BETADINE(VAGINAL)LIQ DOU 200ML,,ED000125610
390,BETADINE(VAGINAL)TABLETS PESARIES 10*1s,BETADINE(VAGINAL),TABLETS PESARIES 10*1s,ED000010635
391,BETADINE(VAGINAL)TABLETS PESARIES 10^S,BETADINE(VAGINAL),TABLETS PESARIES Strip of 10,ED000010635
392,BETAFIT 25 10^S,BETAFIT 25 Strip of 10,,ED000010640
393,BETAFIT 50 10^S,BETAFIT 50 Strip of 10,,ED000010641
394,BETAFIT AM 25 10^S,BETAFIT AM 25 Strip of 10,,ED000010642
395,BETAFIT AM 50 10^S,BETAFIT AM 50 Strip of 10,,ED000010643
396,BETAFREE EYE DROP 5ML,BETAFREE EYE ,DROP 5ML,ED000010657
397,BETAFREE EYE DROPS 5ML,BETAFREE EYE ,DROPS 5ML,ED000010657
398,BETAGAN DROP 5ML,BETAGAN ,DROP 5ML,ED000010658
399,BETAGEL CREAM 20GM,BETA,GEL CREAM 20GM,ED000010660
400,BETAGEL G CREAM %% 20GM,BETA,GEL G CREAM %% 20GM,ED000010662
401,BETAGLIM 1MG 10^S,BETAGLIM 1MG Strip of 10,,ED000010663
402,BETAGLIM 2MG 10^S,BETAGLIM 2MG Strip of 10,,ED000010664
403,BETAGLIM M1 TABLETS 10^S,BETAGLIM M1 ,TABLETS Strip of 10,ED000010668
404,BETAGLIM M2 TABLETS 10.S,BETAGLIM M2 ,TABLETS 10.S,ED000010669
405,BETAKIND GARGLE SMALL 50ML,BETAKIND GARGLE SMALL 50ML,,ED000010674
406,BETAKIND READY GARGLE - 150 ML 150 ML,BETAKIND READY GARGLE - 150 ML 150 ML,,ED000156271
407,BETALOC 100 TABLETS 10^S,BETALOC 100 ,TABLETS Strip of 10,ED000010684
408,BETALOC 25 1*30,BETALOC 25 1*30,,ED000010685
409,BETALOC 25 30T,BETALOC 25 30T,,
410,BETALOC 25,BETALOC 25,,ED000010685
411,COBIMAX SOFTGEL CAPSULES 1*10,COBIMAX SOFTGEL ,CAPSULES 1*10,ED000111051
412,BETALOC 50 TABLETS 30T,BETALOC 50 ,TABLETS 30T,ED000010686
413,BETALOC 50 TABLETS 1*30,BETALOC 50 ,TABLETS 1*30,ED000010686
414,BETAMIL CREAM 20GM,BETAMIL ,CREAM 20GM,ED000010696
415,BETAMIL GM CREAM 25g,BETAMIL GM ,CREAM 25g,ED000010698
416,BETAMIL M CREAM 20G,BETAMIL M ,CREAM 20G,ED000010699
417,BETAMIL M CREAM 20GM,BETAMIL M ,CREAM 20GM,ED000010699
418,BETAMIL N CREAM 20GM,BETAMIL N ,CREAM 20GM,ED000010700
419,BETANIF CAPSULES:2X10 10^S,BETANIF ,CAPSULES:2X10 Strip of 10,ED000010709
420,BETAONE XL 100 10^S,BETAONE XL 100 Strip of 10,,ED000010721
421,BETAONE XL 25 15^S,BETAONE XL 25 Strip of 15,,ED000010724
422,BETAONE XL 50 15^S,BETAONE XL 50 Strip of 15,,ED000010726
423,BETASEPTIC ANTISEPTIC H/GEL 120ML,BETASEPTIC ANTISEPTIC H/,GEL 120ML,ED000157334
424,BETASEPTIC ANTISEPTIC H/GEL 60ML,BETASEPTIC ANTISEPTIC H/,GEL 60ML,ED000152282
425,BETASEPTIC H/SPLASH(MOISTWIN) 200ML,BETASEPTIC H/SPLASH(MOISTWIN) 200ML,,ED000151722
426,BETASEPTIC H/SPLASH(MOISTWIN) 500ML,BETASEPTIC H/SPLASH(MOISTWIN) 500ML,,ED000159004
427,BETASEPTIC HAND SANITIZER 200ML,BETASEPTIC HAND SANITIZER 200ML,,ED000151722
428,BETASEPTIC HAND SANITIZER 500ML,BETASEPTIC HAND SANITIZER 500ML,,ED000159004
429,BETATROP TABLETS 10S,BETATROP ,TABLETS 10S,ED000010773
430,BETAVERT 16 TABLETS 10^S,BETAVERT 16 ,TABLETS Strip of 10,ED000010774
431,BETAVERT 24 TABLETS 10^S,BETAVERT 24 ,TABLETS Strip of 10,ED000010775
432,BETAVERT 8 TABLETS 10^S,BETAVERT 8 ,TABLETS Strip of 10,ED000010776
433,BETAVERT OD 24 10S,BETAVERT OD 24 10S,,ED000010782
434,BETAVIT CAPSULES 10^S,BETAVIT ,CAPSULES Strip of 10,ED000010786
435,BETHADOXIN 12 M SYP 220ML,BETHADOXIN 12 M SYP 220ML,,ED000010803
436,BETHADOXIN DROP 15ML,BETHADOXIN ,DROP 15ML,ED000130394
437,BETHADOXIN JUNIOR SUSPENSION 100ML,BETHADOXIN JUNIOR SUSPENSION 100ML,,ED000130395
438,BETHADOXIN SG CAPSULES 10^S,BETHADOXIN SG ,CAPSULES Strip of 10,ED000010804
439,BETHADOXIN-12 (R) 2ML,BETHADOXIN-12 (R) 2ML,,ED000010802
440,BETHEREN 10 10,BETHEREN 10 10,,ED000149016
441,BETHEREN 25 10^S,BETHEREN 25 Strip of 10,,ED000010806
442,BETNELAN TABLETS 10^S,BETNELAN ,TABLETS Strip of 10,
443,BETNESOL FORTE TABLETS 20S,BETNESOL FORTE ,TABLETS 20S,ED000010819
444,BETNESOL INJECTION 10*8*1ML,BETNESOL ,INJECTION 10*8*1ML,ED000010817
445,BETNESOL N E/D 5ML,BETNESOL N E/D 5ML,,ED000010820
446,BETNESOL ORAL DROPS 15ML,BETNESOL ORAL ,DROPS 15ML,ED000010815
447,BETNESOL TABLETS 20S,BETNESOL ,TABLETS 20S,ED000010816
448,BETNOVATE C CREAM# 30G,BETNOVATE C ,CREAM# 30G,ED000010829
449,BETNOVATE C SKIN CREAM 30GM,BETNOVATE C SKIN ,CREAM 30GM,ED000010829
450,BETNOVATE GM CREAM 20GM,BETNOVATE GM ,CREAM 20GM,ED000010830
451,BETNOVATE N CREAM# 20GM,BETNOVATE N ,CREAM# 20GM,ED000010832
452,BETNOVATE N SKIN 20GM,BETNOVATE N SKIN 20GM,,ED000010832
453,BETNOVATE N SKIN CREAM 25GM,BETNOVATE N SKIN ,CREAM 25GM,ED000157386
454,BETNOVATE S CREAM 20GM,BETNOVATE S ,CREAM 20GM,ED000010834
455,BETNOVATE SKIN CREAM 20GM,BETNOVATE SKIN ,CREAM 20GM,ED000010827
456,BETOACT EYE DROP 5ML,BETOACT EYE ,DROP 5ML,ED000010836
457,BETOACT EYE DROP 5M,BETOACT EYE ,DROP 5M,ED000010836
458,EMUNE MAX 10^S,EMUNE MAX Strip of 10,,ED000010836
459,BETONIN AST JUNIOR SYP 100ML,BETONIN AST JUNIOR SYP 100ML,,ED000010837
460,BETONIN AST SYRUP 170ML,BETONIN AST ,SYRUP 170ML,ED000010838
461,BETONIN AST SYRUP 400ML,BETONIN AST ,SYRUP 400ML,ED000010839
462,BETONIN AST SYRUP $ 200ML,BETONIN AST ,SYRUP $ 200ML,ED000110574
463,BETONIN AST SYRUP 200ML.,BETONIN AST ,SYRUP 200ML.,ED000110574
464,BETONIX TABLETS 10MG 10^S,BETONIX ,TABLETS 10MG Strip of 10,ED000010844
465,BETOXID FORT 10C,BETOXID FORT 10C,,ED000010846
466,BETOXID PLUS (VEGAN CAPSULES),BETOXID PLUS (VEGAN ,CAPSULES),ED000010847
467,BETPURE 16 1*10,BETPURE 16 1*10,,ED000149019
468,BETPURE 24 10^S,BETPURE 24 Strip of 10,,ED000175605
469,BETPURE 8 10S,BETPURE 8 10S,,ED000149020
470,BETT <TETANUS VACCINE> AMP,BETT <TETANUS ,VACCINE> AMP,ED000010858
471,BETT AMP(TETANUS INJECTION) 0.5ML,BETT AMP(TETANUS ,INJECTION) 0.5ML,ED000010858
472,BEVON CAPSULES # 15^S,BEVON ,CAPSULES # Strip of 15,ED000010879
473,BEVON CAPSULES 15C,BEVON ,CAPSULES 15C,ED000010879
474,BEVON CAPSULES 1*15,BEVON ,CAPSULES 1*15,ED000010879
475,BEVON CD CAPSULES 10^S,BEVON CD ,CAPSULES Strip of 10,ED000010880
476,BEVON CD CAPSULES # 10S,BEVON CD ,CAPSULES # 10S,ED000010880
477,BEVON DROPS 15ML,BEVON ,DROPS 15ML,ED000010881
478,BEVON SYP 200ML,BEVON SYP 200ML,,ED000010882
479,BEVON SYP # 200ML,BEVON SYP # 200ML,,ED000010882
480,BEXILUS C LIQUID PRO,BEXILUS C LIQUID PRO,,
481,BEXILUS LIQUID PROBIOTIC 30ML,BEXILUS LIQUID PROBIOTIC 30ML,,ED000110583
482,BEXOL DT  TABLETS(D) 20^S,BEXOL DT  ,TABLETS(D) Strip of 20,ED000119321
483,BEXOL DT 100MG 100^S,BEXOL DT 100MG Strip of 100,,ED000010893
484,BEXOL DT TABLETS 1*50^S,BEXOL DT ,TABLETS 1*Strip of 50,ED000010894
485,BEXOL TABLETS # 10S,BEXOL ,TABLETS # 10S,ED000010892
486,BEXOL TABLETS %%%%              {5 10^S,BEXOL ,TABLETS %%%%              {5 Strip of 10,ED000010892
487,BEXTRIN 10S,BEXTRIN 10S,,ED000010895
488,BEXTRIN TOTAL. 10^S,BEXTRIN TOTAL. Strip of 10,,ED000010897
489,BG PROT SYRUP 200ML,BG PROT ,SYRUP 200ML,
490,BG PROT SYRUP 450 ML,BG PROT ,SYRUP 450 ML,
491,BGR 34 TABLETS 100^S,BGR 34 ,TABLETS Strip of 100,ED000010914
492,BGR-34 TABLETS-30049011 100^S,BGR-34 ,TABLETS-30049011 Strip of 100,ED000010914
493,BICEF-250 DT 10^S,BICEF-250 DT Strip of 10,,
494,BICEF-500 DT 10^S,BICEF-500 DT Strip of 10,,
495,BICEF-CV 500 10^S,BICEF-CV 500 Strip of 10,,
496,BICID TABLETS 1*10,BICID ,TABLETS 1*10,ED000119261
497,BICIDAL PLUS 10^S,BICIDAL PLUS Strip of 10,,ED000010943
498,BIDIN LS 3ML(SMALL) 3ML,BIDIN LS 3ML(SMALL) 3ML,,ED000119432
499,BIDIN LS EYE DROP 5ML,BIDIN LS EYE ,DROP 5ML,ED000010978
500,BIDIN LS EYE DROP # 5ML,BIDIN LS EYE ,DROP # 5ML,ED000010978
501,BIDIN LS TM E/D 5ML,BIDIN LS TM E/D 5ML,,ED000010979
502,BIDIN T EYE DROPS 5ML,BIDIN T EYE ,DROPS 5ML,ED000010980
503,BIDOFLOX OZ TABLETS 10^S,BIDOFLOX OZ ,TABLETS Strip of 10,ED000010989
504,BIDURET L TABLETS 10^S,BIDURET L ,TABLETS Strip of 10,ED000010992
505,BIFIGOLD TABLETS 10^S,BIFIGOLD ,TABLETS Strip of 10,ED000110587
506,TRICOBOND TABLETS 1*10,TRICOBOND ,TABLETS 1*10,ED000183347
507,BIFILAC CAPSULES 10^S,BIFILAC ,CAPSULES Strip of 10,ED000010996
508,BIFILAC CAPSULES 10,BIFILAC ,CAPSULES 10,ED000010996
509,BIFILAC DRY SYRUP 50ML,BIFILAC DRY ,SYRUP 50ML,ED000010997
510,BIFILAC GG CAPSULES 10^S,BIFILAC GG ,CAPSULES Strip of 10,ED000115790
511,BIFILAC GG DUO SACHET 10S,BIFILAC GG DUO SACHET 10S,,ED000142079
512,BIFILAC GG SACHETS 10^S,BIFILAC GG SACHETS Strip of 10,,ED000115791
513,BIFILAC HP CAPSULES 10.S,BIFILAC HP ,CAPSULES 10.S,ED000010998
514,BIFILAC HP CAPSULES 10^S,BIFILAC HP ,CAPSULES Strip of 10,ED000010998
515,BIFILAC LOZENGES 10^S,BIFILAC LOZENGES Strip of 10,,ED000110588
516,BIFILAC SACHETS(5*3)# 5*3^S,BIFILAC SACHETS(5*3)# 5*Strip of 3,,ED000011001
517,BIFILAC SACHETS(5*3S) 5*3^S,BIFILAC SACHETS(5*3S) 5*Strip of 3,,ED000011001
518,BIFILAC ZN SACHET^S 15^S,BIFILAC ZN SACHET^S Strip of 15,,ED000011002
519,BIFLACE EYE DROPS(NEW) 5ML,BIFLACE EYE ,DROPS(NEW) 5ML,ED000184212
520,BIG JOINTMENT SACHET-3004,BIG J,OINTMENT SACHET-3004,ED000011034
521,BIG NAC GEL 30G,BIG NAC ,GEL 30G,ED000011039
522,BIGBRO OD TABLETS 10^S,BIGBRO OD ,TABLETS Strip of 10,ED000011022
523,BIGBRO TABLETS 10S,BIGBRO ,TABLETS 10S,ED000011021
524,BIGCEF 125,BIGCEF 125,,ED000011023
525,BIGCEF-250 TABLETS,BIGCEF-250 ,TABLETS,ED000011024
526,BIGCEF-500 TABLETS,BIGCEF-500 ,TABLETS,ED000011025
527,BIGLAC CAPSULES(FORGEN) 10^S,BIGLAC ,CAPSULES(FORGEN) Strip of 10,ED000149026
528,BIGLAC SACHETS 1SACHETS,BIGLAC SACHETS 1SACHETS,,ED000011036
529,BIGLAC SUSPENSION 5ML,BIGLAC SUSPENSION 5ML,,
530,BIGLAC-R SACHET 1*20,BIGLAC-R SACHET 1*20,,ED000110590
531,BIGLAC-R SACHET 1G,BIGLAC-R SACHET 1G,,ED000183797
532,BIGMUTE SUSPENSION 170ML,BIGMUTE SUSPENSION 170ML,,ED000011037
533,BIG-NAC SP TABLETS 10,BIG-NAC SP ,TABLETS 10,ED000110591
534,BIG-NAC-MR 4 TABLETS 10^S,BIG-NAC-MR 4 ,TABLETS Strip of 10,ED000011040
535,BIG-NAC-MR 8 TABLETS 1*10,BIG-NAC-MR 8 ,TABLETS 1*10,ED000011041
536,BIG-NAC-P  TABLETS 10.S,BIG-NAC-P  ,TABLETS 10.S,ED000011042
537,BIG-NAC-SPAS TABLETS 10,BIG-NAC-SPAS ,TABLETS 10,ED000011043
538,BIG-NAC-SR  TABLETS 10.S,BIG-NAC-SR  ,TABLETS 10.S,ED000011038
539,BIGNITY-C TABLETS 10^S,BIGNITY-C ,TABLETS Strip of 10,ED000157636
540,BIGOMET 1000 SR TABLETS 10^S,BIGOMET 1000 SR ,TABLETS Strip of 10,ED000011044
541,BIGOMET 250 10S,BIGOMET 250 10S,,ED000011045
542,BIGOMET 500 SR TABLETS 1*10,BIGOMET 500 SR ,TABLETS 1*10,ED000011047
543,BIGOMET 500 TABLETS 1*10,BIGOMET 500 ,TABLETS 1*10,ED000011046
544,BIGOMET M 10S,BIGOMET M 10S,,ED000011049
545,BIGOMET SR 1GM 10T,BIGOMET SR 1GM 10T,,ED000011044
546,BIGPHYLIN-100 CAPSULES 10^S,BIGPHYLIN-100 ,CAPSULES Strip of 10,ED000110592
547,BIGPHYLIN-PLUS TABLETS 10^S,BIGPHYLIN-PLUS ,TABLETS Strip of 10,ED000110593
548,BIGRISE DROPS 400IU 30ML,BIGRISE ,DROPS 400IU 30ML,
549,BIGRISE DROPS 800IU 15ML,BIGRISE ,DROPS 800IU 15ML,ED000149030
550,BIGRISE SHOT 5ML,BIGRISE SHOT 5ML,,ED000157635
551,BIGRISE TABLETS 4^S,BIGRISE ,TABLETS Strip of 4,ED000110594
552,BIGSENSE XR 1000 10,BIGSENSE XR 1000 10,,ED000149031
553,BIGSPAS-M TABLETS 10^S,BIGSPAS-M ,TABLETS Strip of 10,ED000011057
554,BIGSPAS-P TABLETS 10,BIGSPAS-P ,TABLETS 10,ED000011058
555,BIGTRIN PLUS CAPSULES 1*10,BIGTRIN PLUS ,CAPSULES 1*10,ED000110595
556,BIGTRIOL TABLETS 1*10,BIGTRIOL ,TABLETS 1*10,ED000110596
557,BIGVIN -2500 INJECTION,BIGVIN -2500 ,INJECTION,ED000011061
558,BIGVIN INJECTION,BIGVIN ,INJECTION,
559,BIGVIN PLUS CAPSULES 18%,BIGVIN PLUS ,CAPSULES 18%,ED000011065
560,BIGVIN PLUS INJECTION,BIGVIN PLUS ,INJECTION,ED000011066
561,BILACAD M TABLETS 10*10,BILACAD M ,TABLETS 10*10,ED000154156
562,BILACAD TABLETS 20MG 10*10,BILACAD ,TABLETS 20MG 10*10,ED000153695
563,BILACALM TABLETS 10S,BILACALM ,TABLETS 10S,ED000152284
564,BILACHEK M TABLETS 10T,BILACHEK M ,TABLETS 10T,ED000154674
565,BILACHEK SYP 60ML,BILACHEK SYP 60ML,,ED000153784
566,BILACHEK TABLETS 10T,BILACHEK ,TABLETS 10T,ED000154673
567,BILAFAV 20MG 1*10^S,BILAFAV 20MG 1*Strip of 10,,ED000141141
568,BILAFAV M TABLETS 10S,BILAFAV M ,TABLETS 10S,ED000156583
569,BILAFAV M ORAL SUSPENSION 60ML,BILAFAV M ORAL SUSPENSION 60ML,,ED000169888
570,BILAFAV ORAL SOL 2.5MG 60ML,BILAFAV ORAL SOL 2.5MG 60ML,,ED000141142
571,BILAGRA 20MG 1*10,BILAGRA 20MG 1*10,,ED000131090
572,BILAGRA M TABLETS 10^S,BILAGRA M ,TABLETS Strip of 10,ED000148328
573,BILALIFE M TABLETS 10S,BILALIFE M ,TABLETS 10S,ED000153192
574,BILALIFE TABLETS 10S,BILALIFE ,TABLETS 10S,ED000153697
575,BILAMOVE M TABLETS 10^S,BILAMOVE M ,TABLETS Strip of 10,ED000148330
576,BILANAIR TABLETS 10^S,BILANAIR ,TABLETS Strip of 10,ED000133401
577,BILANIX 20MG TABLETS 10^S,BILANIX 20MG ,TABLETS Strip of 10,ED000116297
578,BILANIX ORAL SOLUTION 2.5MG 60ML,BILANIX ORAL SOLUTION 2.5MG 60ML,,
579,BILANIX 20MG TABLETS # 10S,BILANIX 20MG ,TABLETS # 10S,ED000116297
580,BILANTA 20MG TABLETS 10^S,BILANTA 20MG ,TABLETS Strip of 10,ED000130374
581,BILANTA M 20/10MG 10^S,BILANTA M 20/10MG Strip of 10,,ED000149032
582,BILANTA ORAL SOLUTION 2.5MG 60ML,BILANTA ORAL SOLUTION 2.5MG 60ML,,ED000144718
583,BILASET 20MG 10S,BILASET 20MG 10S,,
584,BILASET SYP 60ML,BILASET SYP 60ML,,
585,BILASHINE 20MG 10S,BILASHINE 20MG 10S,,ED000129287
586,BILASHINE DT 10 10S,BILASHINE DT 10 10S,,ED000151275
587,BILAST M # 10^S,BILAST M # Strip of 10,,ED000152285
588,BILAST M TABLETS 10^S,BILAST M ,TABLETS Strip of 10,ED000152285
589,BILAST TABLETS 10S,BILAST ,TABLETS 10S,ED000140992
590,BILASURE 20 TABLETS 10^S,BILASURE 20 ,TABLETS Strip of 10,ED000129901
591,BILASURE M TABLETS 10^S,BILASURE M ,TABLETS Strip of 10,ED000145944
592,BILASURE ORAL SOLUTION 60ML,BILASURE ORAL SOLUTION 60ML,,ED000140776
593,BILASURE SYRUP 30ML,BILASURE ,SYRUP 30ML,
594,BILAZAP M TABLETS 10^S,BILAZAP M ,TABLETS Strip of 10,ED000148465
595,BILAZAP TABLETS 10S,BILAZAP ,TABLETS 10S,ED000129941
596,BILAZEST 20MG 10S,BILAZEST 20MG 10S,,ED000129967
597,BILAZEST M TABLETS,BILAZEST M ,TABLETS,ED000149035
598,BILAZIP 20 TABLETS 10^S,BILAZIP 20 ,TABLETS Strip of 10,ED000159790
599,BILBAY M TABLETS 1*10,BILBAY M ,TABLETS 1*10,
600,BILBAY SYP 60ML,BILBAY SYP 60ML,,
601,BILBAY TABLETS 10*10,BILBAY ,TABLETS 10*10,ED000153261
602,BILEFIX 300 TABLETS 14S,BILEFIX 300 ,TABLETS 14S,ED000011082
603,BILEFIX 600 TABLETS 14S,BILEFIX 600 ,TABLETS 14S,ED000011083
604,BILKRO M TABLETS 1*10,BILKRO M ,TABLETS 1*10,ED000159539
605,BILLARGIC M TABLETS 10S,BILLARGIC M ,TABLETS 10S,ED000149037
606,BILLARGIC ORAL SOL 2.5MG 60ML,BILLARGIC ORAL SOL 2.5MG 60ML,,ED000149036
607,BILLARGIC TABLETS 20MG 10^S,BILLARGIC ,TABLETS 20MG Strip of 10,ED000131615
608,BILOSAR 12.5 10T,BILOSAR 12.5 10T,,ED000011095
609,BILOSAR 6.25 10T,BILOSAR 6.25 10T,,ED000011096
610,BILOVAS TABLETS 10T,BILOVAS ,TABLETS 10T,ED000011097
611,BILOVAS TABLETS # 10T,BILOVAS ,TABLETS # 10T,
612,BILOVAS TOTAL 10,BILOVAS TOTAL 10,,ED000011099
613,BILTEN TABLETS 10^S,BILTEN ,TABLETS Strip of 10,ED000140993
614,BI-LUMA ADV FACE WASH 100ML,BI-LUMA ADV FACE WASH 100ML,,ED000156073
615,BI-LUMA ADV S/L LOT 45GM,BI-LUMA ADV S/L LOT 45GM,,ED000149038
616,BI-LUMA# CREAM 15GM,BI-LUMA# ,CREAM 15GM,ED000011100
617,BI-LUMA. CREAM 15GM,BI-LUMA. ,CREAM 15GM,ED000011100
618,BILYPSA 4MG 45^S,BILYPSA 4MG Strip of 45,,ED000011101
619,BIMADAY EYE DROPS 3ML,BIMADAY EYE ,DROPS 3ML,ED000011102
620,BIMAPIX 0.01% EYE DROP 3ML,BIMAPIX 0.01% EYE ,DROP 3ML,ED000115929
621,BIMAT EYE DROP 3ML,BIMAT EYE ,DROP 3ML,ED000011103
622,BIMAT LS EYE DROPS 3ML,BIMAT LS EYE ,DROPS 3ML,ED000011104
623,BIMAT LS TM 3ML,BIMAT LS TM 3ML,,ED000011105
624,BIMAT T EYE DROP 3ML,BIMAT T EYE ,DROP 3ML,ED000011106
625,BIMODAY EYEDROPS 3ML,BIMODAY EYE,DROPS 3ML,
626,BINDBONE 10C,BINDBONE 10C,,ED000011111
627,BINDBONE 750 10C,BINDBONE 750 10C,,ED000011111
628,BIO D3 CAPSULES 10^S,BIO D3 ,CAPSULES Strip of 10,ED000011141
629,BIO D3 DS 10S,BIO D3 DS 10S,,ED000011142
630,BIO D3 FEM CAPSULES 10^S,BIO D3 FEM ,CAPSULES Strip of 10,ED000011143
631,BIO D3 FEM CAPSULES 15^S,BIO D3 FEM ,CAPSULES Strip of 15,ED000140777
632,BIO D3 MAX 15^S,BIO D3 MAX Strip of 15,,ED000140563
633,BIO D3 MAX # 15^S,BIO D3 MAX # Strip of 15,,ED000140563
634,BIO D3 MOM  TABLETS 15^S,BIO D3 MOM  ,TABLETS Strip of 15,ED000156834
635,BIO D3 PLUS CAPSULES 15T,BIO D3 PLUS ,CAPSULES 15T,ED000011147
636,BIO D3 PLUS CAPSULES 15^S,BIO D3 PLUS ,CAPSULES Strip of 15,ED000011147
637,BIO D3 PLUS SUSPENSION 120ML,BIO D3 PLUS SUSPENSION 120ML,,ED000011146
638,BIO D3 STRONG 10^S,BIO D3 STRONG Strip of 10,,ED000011148
639,BIO D3 STRONG # 10^S,BIO D3 STRONG # Strip of 10,,ED000011148
640,BIO D3 XT 15^S,BIO D3 XT Strip of 15,,ED000140564
641,BIO EXIDIL 60S,BIO EXIDIL 60S,,ED000145945
642,BIO KERA PLUS 100ML,BIO KERA PLUS 100ML,,ED000121218
643,BIO KERA SHAMPOO 100ML,BIO KERA SHAMPOO 100ML,,ED000121219
644,BIO OIL A 60ML,BIO OIL A 60ML,,ED000165018
645,BIO OIL B 125ML,BIO OIL B 125ML,,ED000158562
646,BIOCART MSM TABLETS 10,BIOCART MSM ,TABLETS 10,ED000110606
647,BIOCLAR 125 SYP,BIOCLAR 125 SYP,,ED000011235
648,BIOCLAR 250 TABLETS,BIOCLAR 250 ,TABLETS,
649,BIOCLAR 500 TABLETS,BIOCLAR 500 ,TABLETS,ED000011237
650,BIOCOBAL 1.5            <5X10>,BIOCOBAL 1.5            <5X10>,,ED000011252
651,BIOCOBAL FORTE 1        <5X10>,BIOCOBAL FORTE 1        <5X10>,,ED000011257
652,BIOCOBAL SYP,BIOCOBAL SYP,,ED000011251
653,BIOCUTIS CREAM 100GM,BIOCUTIS ,CREAM 100GM,ED000110610
654,BIOCUTIS FACE WASH 18% 100ML,BIOCUTIS FACE WASH 18% 100ML,,ED000110611
655,BIOCUTIS LOTION 100ML,BIOCUTIS LOTION 100ML,,ED000110612
656,BIOCUTIS LOTION 300ML,BIOCUTIS LOTION 300ML,,ED000110613
657,BIOCUTIS UV SUNSCREEN GEL 50GM,BIOCUTIS UV SUNSCREEN ,GEL 50GM,ED000110614
658,BIOCUTIS(SOAP)BATH BAR 100GM,BIOCUTIS(,SOAP)BATH BAR 100GM,ED000110609
659,BIODENS F 10 HAIR LOTION 60ML,BIODENS F 10 HAIR LOTION 60ML,,ED000160992
660,BIODENS HAIR LOTION 60ML,BIODENS HAIR LOTION 60ML,,ED000131012
661,BIODENS PRO LOTION 60ML,BIODENS PRO LOTION 60ML,,ED000131013
662,BIODENS TABLETS 10S,BIODENS ,TABLETS 10S,ED000110615
663,BIODIC P TABLETS 12%,BIODIC P ,TABLETS 12%,ED000011291
664,BIODIC TABLETS,BIODIC ,TABLETS,ED000011290
665,BIOFER XT TABLETS 10^S,BIOFER XT ,TABLETS Strip of 10,ED000110617
666,BIOFIBE CAPSULES 10,BIOFIBE ,CAPSULES 10,ED000110618
667,BIOFLAM 10^S,BIOFLAM Strip of 10,,
668,BIOFREE 10^S,BIOFREE Strip of 10,,ED000149042
669,BIOGERMINA OS 2BILLION SPORES 6*5ML,BIOGERMINA OS 2BILLION SPORES 6*5ML,,ED000158424
670,BIOHEP 10*10,BIOHEP 10*10,,ED000011359
671,BIOKEZ AD SHAMPOO 60ML,BIOKEZ AD SHAMPOO 60ML,,ED000110622
672,BIOKEZ AD SHAMPOO 18% 60ML,BIOKEZ AD SHAMPOO 18% 60ML,,
673,BIOKEZ CONDITIONER 60ML,BIOKEZ CONDITIONER 60ML,,ED000110623
674,BIOKEZ TABLETS 10^S,BIOKEZ ,TABLETS Strip of 10,ED000110624
675,BIOLARGE FORTE 1*1,BIOLARGE FORTE 1*1,,
676,BIOLSAR 20 10T,BIOLSAR 20 10T,,ED000011388
677,BIOLSAR 40 HS 10T,BIOLSAR 40 HS 10T,,ED000011390
678,BIOLYF CAPSULES,BIOLYF ,CAPSULES,
679,BIOMELA TABLETS 1*10,BIOMELA ,TABLETS 1*10,
680,BION CAPSULES 10^S,BION ,CAPSULES Strip of 10,ED000011433
681,BIONECT CREAM 15GM,BIONECT ,CREAM 15GM,ED000011442
682,BIOPEB TABLETS,BIOPEB ,TABLETS,ED000119610
683,BIOPREG F TABLETS 10^S,BIOPREG F ,TABLETS Strip of 10,ED000011471
684,BIOPREG PLUS CAPSULES 1*10,BIOPREG PLUS ,CAPSULES 1*10,ED000011472
685,BIORAN GEL,BIORAN ,GEL,ED000011493
686,BIORAN GEL,BIORAN ,GEL,ED000114139
687,BIOSCALIN HAIR ELIXIR 50ML,BIOSCALIN HAIR ELIXIR 50ML,,ED000011519
688,BIOSCALIN HAIR LOTION 150ML,BIOSCALIN HAIR LOTION 150ML,,ED000011520
689,BIOSHEL TABLETS 15^S,BIOSHEL ,TABLETS Strip of 15,ED000011525
690,BIOSIL CAPSULES 10^S,BIOSIL ,CAPSULES Strip of 10,ED000011526
691,BIOSILK CREAM 100GM,BIOSILK ,CREAM 100GM,ED000141299
692,BIOSILK CREAM # 100GM,BIOSILK ,CREAM # 100GM,ED000141299
693,BIOSONE C EYE OINTMENT 3GM,BIOSONE C EYE ,OINTMENT 3GM,ED000110633
694,BIOSONE P EYE DROP 5ML,BIOSONE P EYE ,DROP 5ML,ED000011534
695,BIOSONE-P E/D 5ML,BIOSONE-P E/D 5ML,,ED000011534
696,BIOSTAR GOLD # CAPSULES 10^S,BIOSTAR GOLD # ,CAPSULES Strip of 10,ED000011546
697,BIOSTAR GOLD CAPSULES 10^S,BIOSTAR GOLD ,CAPSULES Strip of 10,ED000011546
698,BIOSUGANRIL 10 TABLETS 10S,BIOSUGANRIL 10 ,TABLETS 10S,ED000011551
699,BIOSUGANRIL 20 TABLETS 10S,BIOSUGANRIL 20 ,TABLETS 10S,ED000011552
700,BIOTEE 10  TABLETS 10^S,BIOTEE 10  ,TABLETS Strip of 10,ED000011573
701,BIOTEE FORTE TABLETS 10^S,BIOTEE FORTE ,TABLETS Strip of 10,ED000011574
702,BIOTEE PLUS TABLETS 10^S,BIOTEE PLUS ,TABLETS Strip of 10,ED000011575
703,BIOVITAL                (3) 10,BIOVITAL                (3) 10,,ED000011624
704,BIOVITAL F 15^S,BIOVITAL F Strip of 15,,ED000011626
705,BIOVITAL GOLD 15^S,BIOVITAL GOLD Strip of 15,,ED000011627
706,BIOXYD CAPSULES,BIOXYD ,CAPSULES,ED000119668
707,BIOZIM-200 TABLETS 1*10^S,BIOZIM-200 ,TABLETS 1*Strip of 10,ED000119262
708,BIOZIM-O TABLETS 1*10^S,BIOZIM-O ,TABLETS 1*Strip of 10,ED000119263
709,BIOZIP SACHIT,BIOZIP SACHIT,,ED000121598
710,BIOZORA 20GM,BIOZORA 20GM,,ED000011649
711,BIOZORA GG SACHET 1^S,BIOZORA GG SACHET Strip of 1,,
712,BIOZORA SACHET 282.5MG 20^S,BIOZORA SACHET 282.5MG Strip of 20,,ED000011649
713,BIPLAR,BIPLAR,,
714,BISCHOF SYR,BISCHOF SYR,,ED000110647
715,BISELECT 2.5 10T,BISELECT 2.5 10T,,ED000011669
716,BISELECT-10 10^S,BISELECT-10 Strip of 10,,ED000011668
717,BISELECT-5 TABLETS 10^T,BISELECT-5 ,TABLETS 10^T,ED000011670
718,BISOHEART-2.5 TABLETS 1*10,BISOHEART-2.5 ,TABLETS 1*10,ED000011676
719,BISOHEART-5 TABLETS 1*10,BISOHEART-5 ,TABLETS 1*10,ED000011677
720,BISOHEART-AM 2.5 TABLETS 1*10,BISOHEART-AM 2.5 ,TABLETS 1*10,ED000011678
721,BISOHEART-AM 5 TABLETS 1*10,BISOHEART-AM 5 ,TABLETS 1*10,ED000011679
722,BISOLONG 2.5 10S,BISOLONG 2.5 10S,,ED000153566
723,BISOLONG 5 10S,BISOLONG 5 10S,,ED000153567
724,BISONEXT 10 TABLETS 15^S,BISONEXT 10 ,TABLETS Strip of 15,ED000159791
725,BISONEXT 2.5 TABLETS 15^S,BISONEXT 2.5 ,TABLETS Strip of 15,ED000159792
726,BISONEXT 5 TABLETS 10^S,BISONEXT 5 ,TABLETS Strip of 10,ED000168601
727,BISONEXT AM 2.5 15^S,BISONEXT AM 2.5 Strip of 15,,ED000156879
728,BISONEXT AM 5 15^S,BISONEXT AM 5 Strip of 15,,ED000156881
729,BISOSAFE 2.5 TABLETS 10^S,BISOSAFE 2.5 ,TABLETS Strip of 10,ED000110648
730,BISOSAFE 5 TABLETS 10^S,BISOSAFE 5 ,TABLETS Strip of 10,
731,BISOTABLETS AM 2.5 10S,BISO,TABLETS AM 2.5 10S,ED000180014
732,BISOTABLETS 5 10S,BISO,TABLETS 5 10S,ED000115523
733,BISPEC 10MG 15^S,BISPEC 10MG Strip of 15,,ED000011684
734,BISPEC 5 TABLETS 10^S,BISPEC 5 ,TABLETS Strip of 10,
735,BISPEC 5MG 15^,BISPEC 5MG 15^,,ED000011686
736,BITELSAR 40 10T,BITELSAR 40 10T,,ED000011713
737,BITELSAR 40 HS 10T,BITELSAR 40 HS 10T,,ED000011714
738,BIZFER ELIXIR 150ML,BIZFER ELIXIR 150ML,,ED000011741
739,BIZFER XT TABLETS 10^S,BIZFER XT ,TABLETS Strip of 10,ED000011742
740,BIZLO 10 TABLETS 5% 10^S,BIZLO 10 ,TABLETS 5% Strip of 10,ED000011743
741,BIZLO 25 10^S,BIZLO 25 Strip of 10,,ED000011744
742,BIZLO OD 10 10^S,BIZLO OD 10 Strip of 10,,
743,BIZLO OD 10 5% 10^S,BIZLO OD 10 5% Strip of 10,,
744,BIZLO OD 20 10^s,BIZLO OD 20 10^s,,ED000011745
745,BIZLO OD 30 10^s,BIZLO OD 30 10^s,,ED000011746
746,BKOSA SHAMPOO 1PACK,BKOSA SHAMPOO 1PACK,,
747,BKOSA-F 10S,BKOSA-F 10S,,
748,BLACKCROWN 10% LOTION 60ML,BLACKCROWN 10% LOTION 60ML,,ED000184213
749,BLACKCROWN 5% FORTE LOTION 60ML,BLACKCROWN 5% FORTE LOTION 60ML,,ED000011750
750,BLACKCROWN 2% LOTION 60ML,BLACKCROWN 2% LOTION 60ML,,ED000011751
751,BLACKGROW F 60ML,BLACKGROW F 60ML,,ED000174926
752,BLADMIR 25 # 10^S,BLADMIR 25 # Strip of 10,,ED000011754
753,BLADMIR 25 MG 10^S,BLADMIR 25 MG Strip of 10,,ED000011754
754,BLADMIR 50MG 10S,BLADMIR 50MG 10S,,ED000011755
755,BLADMIR S 25 TABLETS 10S,BLADMIR S 25 ,TABLETS 10S,ED000141300
756,BLADMIR S 50 TABLETS 10S,BLADMIR S 50 ,TABLETS 10S,ED000141301
757,BLADOR 25 10,BLADOR 25 10,,ED000011756
758,BLADOR 50 10,BLADOR 50 10,,ED000011757
759,BLANKET,BLANKET,,
760,BLATA 10CAPSULES,BLATA 10,CAPSULES,
761,BLAZIA L,BLAZIA L,,ED000011759
762,BLEMINOR ANTIBLEMISH CREAM 30ML,BLEMINOR ANTIBLEMISH ,CREAM 30ML,ED000011762
763,BLIEU SOFT GEL CAPSULES 10^S,BLIEU SOFT GEL ,CAPSULES Strip of 10,ED000011772
764,BLIEU SOFTGEL CAPSULES-30045020 10^S,BLIEU SOFTGEL ,CAPSULES-30045020 Strip of 10,ED000011772
765,BLISE CREAM 20GM,BLISE ,CREAM 20GM,ED000011777
766,BLISE F/WASH # 100GM,BLISE F/WASH # 100GM,,ED000011778
767,BLISE FACE WASH GEL 100GM,BLISE FACE WASH ,GEL 100GM,ED000011778
768,BLISE FACE WASH GEL(#)  50GM,BLISE FACE WASH ,GEL(#)  50GM,ED000011779
769,BLISE FACEWASH GEL 50GM,BLISE FACEWASH ,GEL 50GM,ED000011779
770,BLISTO 1 MF TABLETS 10^S,BLISTO 1 MF ,TABLETS Strip of 10,ED000011787
771,BLISTO 1 MF TABLETS 10^S,BLISTO 1 MF ,TABLETS Strip of 10,ED000011787
772,BLISTO 1 TABLETS 10^S,BLISTO 1 ,TABLETS Strip of 10,ED000011784
773,BLISTO 2 MF TABLETS 10^S,BLISTO 2 MF ,TABLETS Strip of 10,ED000011788
774,BLISTO 2 MF TABLETS 10^S,BLISTO 2 MF ,TABLETS Strip of 10,ED000011788
775,BLISTO 2 TABLETS 10^S,BLISTO 2 ,TABLETS Strip of 10,ED000011785
776,BLISTO 4 MF TABLETS 10^S,BLISTO 4 MF ,TABLETS Strip of 10,ED000011790
777,BLISTO 4 MF TABLETS 10^S,BLISTO 4 MF ,TABLETS Strip of 10,ED000011790
778,BLISTO 4 TABLETS 10^S,BLISTO 4 ,TABLETS Strip of 10,ED000011786
779,BLISTO TRIO 1 10^S,BLISTO TRIO 1 Strip of 10,,ED000011791
780,BLISTO TRIO 2,BLISTO TRIO 2,,ED000011792
781,BLIUE OD INJECTION 1*5,BLIUE OD ,INJECTION 1*5,ED000119761
782,B-LONG F TABLETS 30^S,B-LONG F ,TABLETS Strip of 30,ED000009287
783,B-LONG TABLETS 30^S,B-LONG ,TABLETS Strip of 30,ED000009286
784,BLONITAS 2 1*10,BLONITAS 2 1*10,,ED000011812
785,BLONITAS 4 1*10,BLONITAS 4 1*10,,ED000011813
786,BLONITAS 8 1*10,BLONITAS 8 1*10,,ED000011814
787,LANCETS 28G R VERIFINE 1*100NO,LANCETS 28G R VERIFINE 1*100NO,,ED000174726
788,LANCET 30G FLAT VERIFINE 1*100NO,LANCET 30G FLAT VERIFINE 1*100NO,,ED000174731
789,LANCET 30G ROUND VERIFINE 1*100NO,LANCET 30G ROUND VERIFINE 1*100NO,,ED000174746
790,BLUCEF 250 TABLETS 10TABLETS,BLUCEF 250 ,TABLETS,ED000011822
791,BLUCEF P TABLETS 10TABLETS,BLUCEF P ,TABLETS,ED000011824
792,BLUDROX 250 DT TABLETS 10TABLETS,BLUDROX 250 DT ,TABLETS,ED000011836
793,BLUDROX 500 TABLETS 10TABLETS,BLUDROX 500 ,TABLETS,ED000011837
794,BLUDROX A TABLETS 10TABLETS,BLUDROX A ,TABLETS,ED000011838
795,BLUDROX LB 500 TABLETS 10TABLETS,BLUDROX LB 500 ,TABLETS,ED000011840
796,BLUDROX P DT TABLETS 10TABLETS,BLUDROX P DT ,TABLETS,ED000011842
797,BLUMOX 250 DT TABLETS 15TABLETS,BLUMOX 250 DT ,TABLETS,ED000011858
798,BLUMOX 500 TABLETS 10TABLETS,BLUMOX 500 ,TABLETS,ED000011859
799,BLUMOX CA 375MG 10TABLETS,BLUMOX CA 375MG 10,TABLETS,ED000011864
800,BLUMOX CA 625MG 10TABLETS,BLUMOX CA 625MG 10,TABLETS,ED000011865
801,BLUMOX CA SYP 30ML,BLUMOX CA SYP 30ML,,ED000011863
802,BLUMOX D XL CAPSULES 6CAPSULES,BLUMOX D XL ,CAPSULES,ED000011869
803,BLUMOX LB 250 TABLETS 15TABLETS,BLUMOX LB 250 ,TABLETS,ED000011871
804,BLUMOX LB 500 TABLETS 10TABLETS,BLUMOX LB 500 ,TABLETS,ED000011872
805,BLUMOX P TABLETS 15TABLETS,BLUMOX P ,TABLETS,ED000011874
806,BLUMOX PLUS TABLETS 10S,BLUMOX PLUS ,TABLETS 10S,ED000011875
807,BLUMOX XL CAPSULES 6CAPSULES,BLUMOX XL ,CAPSULES,ED000011876
808,BLUSPAR 200 MG 6TABLETS,BLUSPAR 200 MG 6,TABLETS,ED000011884
809,BLYNDS,BLYNDS,,ED000130239
810,BLYNDS AC 50GM,BLYNDS AC 50GM,,ED000130208
811,BM 4KT 10^S,BM 4KT Strip of 10,,ED000110654
812,BMD MAX CAPSULES 10^S,BMD MAX ,CAPSULES Strip of 10,ED000011893
813,BNDP-4 TABLETS 10^S,BNDP-4 ,TABLETS Strip of 10,ED000121599
814,BOLAX DROP,BOLAX ,DROP,ED000011916
815,BOLAX MICRO GRNL,BOLAX MICRO GRNL,,ED000011917
816,BOLAX SYP,BOLAX SYP,,ED000011918
817,BOLUS 40 TABLETS 10^S,BOLUS 40 ,TABLETS Strip of 10,ED000119264
818,BOLUS D TABLETS 10^S,BOLUS D ,TABLETS Strip of 10,ED000119265
819,BOLUS LS CAPSULES 10^S,BOLUS LS ,CAPSULES Strip of 10,ED000119266
820,BOMBAY DYEING HAND TOWEL 2PCS,BOMBAY DYEING HAND TOWEL 2PCS,,ED000156063
821,BON D LIGHT 10S,BON D LIGHT 10S,,ED000011933
822,BON DK 1K CAPSULES 10CAPSULES,BON DK 1K ,CAPSULES,ED000011934
823,BON DK 2K 10CAPSULES,BON DK 2K 10,CAPSULES,ED000011935
824,BON DK 60K 4^S,BON DK 60K Strip of 4,,ED000011936
825,BON DK 60K 4S,BON DK 60K 4S,,ED000011936
826,BON DK SHOT 4^S,BON DK SHOT Strip of 4,,ED000011937
827,BON K2 HD TABLETS 10^S,BON K2 HD ,TABLETS Strip of 10,ED000011939
828,BON K2 HD TABLETS 10S,BON K2 HD ,TABLETS 10S,ED000011939
829,BON K2 TABLETS 10T,BON K2 ,TABLETS 10T,ED000011938
830,BON K2 TABLETS 10TABLETS,BON K2 ,TABLETS,ED000011938
831,BONANSA D 1*10,BONANSA D 1*10,,ED000121460
832,BONANSA TABLETS 1 STTRIP,BONANSA ,TABLETS 1 STTRIP,ED000011944
833,BONCEROL SOFTGEL 15 GM 15^S,BONCEROL SOFT,GEL 15 GM Strip of 15,ED000153870
834,BONCEROL TABLETS 15^S,BONCEROL ,TABLETS Strip of 15,ED000153870
835,BONE C PLUS CAPSULES,BONE C PLUS ,CAPSULES,ED000011957
836,BONE C PLUS SYRUP,BONE C PLUS ,SYRUP,ED000119580
837,BONE C SUSPENSION.,BONE C SUSPENSION.,,ED000011954
838,BONEBASE D3 TABLETS 15^S,BONEBASE D3 ,TABLETS Strip of 15,
839,BONEBASE F 40 CAPSULES 18% 10^S,BONEBASE F 40 ,CAPSULES 18% Strip of 10,ED000011964
840,BONEBASE F-40 10S,BONEBASE F-40 10S,,ED000011964
841,BONEBASE M-40 10S,BONEBASE M-40 10S,,ED000011966
842,BONEBASE MAX CAPSULES 10.S,BONEBASE MAX ,CAPSULES 10.S,ED000011967
843,BONEBASE MILK 15S,BONEBASE MILK 15S,,ED000136500
844,BONEBASE PLUS CAPSULES 15^S,BONEBASE PLUS ,CAPSULES Strip of 15,ED000011968
845,BONEBASE TABLETS 10^S,BONEBASE ,TABLETS Strip of 10,ED000011963
846,BONEBASE D3 NANO TABLETS 10^S,BONEBASE D3 NANO ,TABLETS Strip of 10,ED000184245
847,BONESTAT CAPSULES 15^S,BONESTAT ,CAPSULES Strip of 15,ED000011980
848,BONESTAT K2 15C,BONESTAT K2 15C,,ED000011982
849,BONFAST CAPSULES 10^S,BONFAST ,CAPSULES Strip of 10,ED000011986
850,BONGRAN SACHET 1GM,BONGRAN SACHET 1GM,,ED000121601
851,BONGRAN TABLETS 4TABLETS,BONGRAN ,TABLETS,ED000121602
852,BONHEAL 750 TABLETS 10^S,BONHEAL 750 ,TABLETS Strip of 10,ED000011994
853,BONHEAL CAPSULES 10^S,BONHEAL ,CAPSULES Strip of 10,ED000011994
854,BONHEAL MAX TABLETS 1*10T,BONHEAL MAX ,TABLETS 1*10T,ED000011995
855,BONHEAL SYRUP 200ML,BONHEAL ,SYRUP 200ML,ED000011992
856,BONIHEAL SUSPENSION 200ML,BONIHEAL SUSPENSION 200ML,,ED000012003
857,BONIHEAL TABLETS 20^S,BONIHEAL ,TABLETS Strip of 20,ED000133733
858,BONJOHUSK SACHETS,BONJOHUSK SACHETS,,ED000110667
859,BONMAC 10S,BONMAC 10S,,ED000159803
860,BONMAX CAL TABLETS 10^S,BONMAX CAL ,TABLETS Strip of 10,ED000012022
861,BONMAX D3 CAPSULES 4 CAPSULES,BONMAX D3 ,CAPSULES,ED000012025
862,BONMIN-K2-300495039 10^S,BONMIN-K2-300495039 Strip of 10,,ED000012030
863,BONNISAN DROP 30ML,BONNISAN ,DROP 30ML,ED000012032
864,BONNISAN LIQUID 100ML,BONNISAN LIQUID 100ML,,ED000012033
865,BONNISAN LIQUID 200ML,BONNISAN LIQUID 200ML,,ED000012034
866,BONNISPAZ DROPS 15ML,BONNISPAZ ,DROPS 15ML,ED000012035
867,BONNUS CAPSULES,BONNUS ,CAPSULES,ED000121603
868,BONQUE TABLETS 10^S,BONQUE ,TABLETS Strip of 10,ED000121036
869,BONSPARK NASAL SPRY 3.7ML,BONSPARK NASAL SPRY 3.7ML,,ED000012044
870,BONSPARK PEN PEN,BONSPARK PEN PEN,,
871,BONTRESS HAIR REV SHAMPOO 150ML,BONTRESS HAIR REV SHAMPOO 150ML,,ED000012052
872,BONTRESS LOTION 60ML,BONTRESS LOTION 60ML,,ED000012054
873,BONTRESS PRO SERUM 60ML,BONTRESS PRO SERUM 60ML,,ED000151553
874,BOOST HEAL 1*30,BOOST HEAL 1*30,,ED000110672
875,BOOST HEAL G 1*30,BOOST HEAL G 1*30,,ED000110673
876,BOOSTALIV SYP 150ML,BOOSTALIV SYP 150ML,,ED000012072
877,BOROSIL DOSA SET,BOROSIL DOSA SET,,ED000156063
878,BOROSIL LUNCH BOX PCS,BOROSIL LUNCH BOX PCS,,ED117012
879,BOROSIL PUDDING SET PC,BOROSIL PUDDING SET PC,,ED117012
880,BOSCAL SYP,BOSCAL SYP,,ED000121331
881,BOSCAL TABLETS,BOSCAL ,TABLETS,ED000121332
882,BOSENTAS 125 10TABLETS,BOSENTAS 125 10,TABLETS,ED000012135
883,BOSENTAS 62.5 10TABLETS,BOSENTAS 62.5 10,TABLETS,ED000012136
884,BOSIN SYP,BOSIN SYP,,
885,BOSS CAPSULES 10^S,BOSS ,CAPSULES Strip of 10,ED000110674
886,BOSS CAPSULES 1*10,BOSS ,CAPSULES 1*10,ED000012139
887,BOSS DROPS 15ML,BOSS ,DROPS 15ML,ED000012141
888,BOSS POWDER 200GM,BOSS ,POWDER 200GM,ED000149051
889,BOSS SF POWDER 200GM,BOSS SF ,POWDER 200GM,ED000012142
890,BOSS SYRUP 200ML,BOSS ,SYRUP 200ML,ED000149052
891,BOSZEN HD TABLETS 10^S,BOSZEN HD ,TABLETS Strip of 10,ED000168875
892,BOTROCLOT TOPIAL SOL,BOTROCLOT TOPIAL SOL,,
893,BOTROPASE INJECTION,BOTROPASE ,INJECTION,ED000012156
894,BOTROPASE INJECTION,BOTROPASE ,INJECTION,ED000012155
895,BOUFFANT CAPSULES(BLUE) SAFENT 1*100NO,BOUFFANT ,CAPSULES(BLUE) SAFENT 1*100NO,
896,BOWEX GRANULES 120GRM,BOWEX GRANULES 120GRM,,ED000012167
897,BOWMUV 1*3S,BOWMUV 1*3S,,ED000130513
898,BOWMUV SACHET 18% 7^S,BOWMUV SACHET 18% Strip of 7,,ED000173330
899,BOWMUV SACHETS 1*7,BOWMUV SACHETS 1*7,,ED000173330
900,BOXTLAK BL CREAM 20GM,BOXTLAK BL ,CREAM 20GM,ED000012182
901,BP MONITOR(BP-02) PCS,BP MONITOR(BP-02) PCS,,ED000182803
902,BPONE (BP-15) PCS,BPONE (BP-15) PCS,,
903,B-PROTIN PINE APPLE 200GM,B-PROTIN PINE APPLE 200GM,,ED000009317
904,B-PROTIN VF 200GM,B-PROTIN VF 200GM,,ED000009322
905,B-PROTIN(CHOCO)GLASS. 200GM,B-PROTIN(CHOCO)GLASS. 200GM,,ED000009306
906,B-PROTIN(CHOCO)PET 500GM,B-PROTIN(CHOCO)PET 500GM,,ED000009308
907,B-PROTIN(DRY/FRT)GLASS 200GM,B-PROTIN(DRY/FRT)GLASS 200GM,,ED000009309
908,B-PROTIN(MANGO/F)GLASS 200GM,B-PROTIN(MANGO/F)GLASS 200GM,,ED000009311
909,BRACE PLUS TABLETS 10^S,BRACE PLUS ,TABLETS Strip of 10,ED000149054
910,BRAHMI SYP 200ML,BRAHMI SYP 200ML,,ED000012222
911,BRAHMI TABLETS 60^S,BRAHMI ,TABLETS Strip of 60,ED000012223
912,BRAIN MAX SUSPENSION 150ML,BRAIN MAX SUSPENSION 150ML,,ED000151695
913,BRAINGIS TABLETS NEW 10,BRAINGIS ,TABLETS NEW 10,ED000149055
914,BRAINIEST SF SYRUP 150ML,BRAINIEST SF ,SYRUP 150ML,ED000184197
915,BRAINIEST SYRUP 1BOTTLE,BRAINIEST ,SYRUP 1BOTTLE,ED000012229
916,BRAINIEST-IQ 30^SPACK,BRAINIEST-IQ Strip of 30PACK,,ED000149056
917,BRAINWISE SUSPENSION 150ML,BRAINWISE SUSPENSION 150ML,,ED000012232
918,BRAKCID-DSR CAPSULES 10CAPSULES,BRAKCID-DSR ,CAPSULES,
919,BRAKKE TABLETS 10^S,BRAKKE ,TABLETS Strip of 10,ED000012233
920,BRAVIA 20 TABLETS 10^S,BRAVIA 20 ,TABLETS Strip of 10,ED000012236
921,BRAVIA D TABLETS 10^S,BRAVIA D ,TABLETS Strip of 10,ED000012237
922,BRAVIA DSR CAPSULES 10^S,BRAVIA DSR ,CAPSULES Strip of 10,ED000012238
923,BRAVIA IT CAPSULES 10^S,BRAVIA IT ,CAPSULES Strip of 10,ED000012239
924,BRAVIA LS CAPSULES 1*10,BRAVIA LS ,CAPSULES 1*10,ED000012240
925,BREACT PROTEIN 200GM,BREACT PROTEIN 200GM,,ED000119611
926,BREAKFIX TABLETS 15^S,BREAKFIX ,TABLETS Strip of 15,ED000012246
927,BREAST PUMP ELECTRIC CAREN 202 1*1NOS,BREAST PUMP ELECTRIC CAREN 202 1*1NOS,,ED000174791
928,BREAST PUMP MANUAL LD-101 1*1NOS,BREAST PUMP MANUAL LD-101 1*1NOS,,
929,BREATHE O METER 1UNIT,BREATHE O METER 1UNIT,,ED000012259
930,BREAZE FX 10^S,BREAZE FX Strip of 10,,ED000012266
931,BREAZE L 10^S,BREAZE L Strip of 10,,ED000012268
932,BREAZE-L KID 10^S,BREAZE-L KID Strip of 10,,ED000012269
933,BRESOL NS SALINE NASAL SLN 10ML,BRESOL NS SALINE NASAL SLN 10ML,,ED000012281
934,BRESOL SYP (HSN) 200ML,BRESOL SYP (HSN) 200ML,,ED000012283
935,BRESOL SYP(HSN) 100ML,BRESOL SYP(HSN) 100ML,,ED000012282
936,BRESOL TABLETS-3004 60 TABLETS,BRESOL ,TABLETS,ED000012284
937,BREVIPIL 100MG 10^S,BREVIPIL 100MG Strip of 10,,ED000156885
938,BREVIPIL 25MG 10^S,BREVIPIL 25MG Strip of 10,,ED000156886
939,BREVIPIL 50MG 10^S,BREVIPIL 50MG Strip of 10,,ED000156887
940,BREVIPIL ORAL SOL 200ML,BREVIPIL ORAL SOL 200ML,,ED000156889
941,BREVOXYL CREAMY WASH 50GM,BREVOXYL ,CREAMY WASH 50GM,ED000012291
942,BREVOXYL HYDROPHASE CREAM 20GM,BREVOXYL HY,DROPHASE CREAM 20GM,ED000012290
943,BREZVENT SYP 100ML,BREZVENT SYP 100ML,,
944,BRICAREX DX JUNIOR SYRUP 100ML,BRICAREX DX JUNIOR ,SYRUP 100ML,ED000158563
945,BRICAREX(A)EXPT SYP 100ML,BRICAREX(A)EXPT SYP 100ML,,ED000012324
946,BRICAREX(D)SYRUP 100ML,BRICAREX(D),SYRUP 100ML,ED000012325
947,BRICAREX(LS)SYRUP 100ML,BRICAREX(LS),SYRUP 100ML,ED000012326
948,BRICET 10 10S,BRICET 10 10S,,ED000157486
949,BRICET 100 10^S,BRICET 100 Strip of 10,,ED000156633
950,BRICET 25 10^S,BRICET 25 Strip of 10,,ED000157259
951,BRICET 50 10^S,BRICET 50 Strip of 10,,ED000156635
952,BRICET 75 10^S,BRICET 75 Strip of 10,,ED000156636
953,BRICET INJECTION VIAL,BRICET ,INJECTION VIAL,ED000157431
954,BRIDIC EYE DROPS 5ML,BRIDIC EYE ,DROPS 5ML,ED000012328
955,BRIDIC T EYE DROPS 5ML,BRIDIC T EYE ,DROPS 5ML,
956,BRIGREL TABLETS 10S,BRIGREL ,TABLETS 10S,ED000140995
957,BRIGREL TABLETS 10^S,BRIGREL ,TABLETS Strip of 10,ED000140995
958,BRILANTE INTENSE BRIGHTSERUM 30ML,BRILANTE INTENSE BRIGHTSERUM 30ML,,ED000110689
959,BRILINTA 90MG TABLETS 14^S,BRILINTA 90MG ,TABLETS Strip of 14,ED000012339
960,BRIMO 0.15% DROP 5ML,BRIMO 0.15% ,DROP 5ML,
961,BRIMOCHEK EYE DROPS 5ML,BRIMOCHEK EYE ,DROPS 5ML,ED000012342
962,BRIMOCOM EYEDROP 5ML,BRIMOCOM EYE,DROP 5ML,ED000012344
963,BRIMOCOM EYEDROP # 5ML,BRIMOCOM EYE,DROP # 5ML,ED000012344
964,BRIMODIN EYEDROPS 5ML,BRIMODIN EYE,DROPS 5ML,ED000012345
965,BRIMODIN EYEDROPS # 5ML,BRIMODIN EYE,DROPS # 5ML,ED000012345
966,BRIMODIN LS EYEDROP 5ML,BRIMODIN LS EYE,DROP 5ML,ED000012346
967,BRIMOLOL ED 5ML,BRIMOLOL ED 5ML,,ED000012350
968,BRIMOLOL EYE DROPS 5ML,BRIMOLOL EYE ,DROPS 5ML,ED000012350
969,BRIMOPRESS LS E/D 5ML,BRIMOPRESS LS E/D 5ML,,ED000012354
970,BRIMOSUN P EYEDROP 5ML,BRIMOSUN P EYE,DROP 5ML,ED000012357
971,BRIMOTAS T EYE DROP 5ML,BRIMOTAS T EYE ,DROP 5ML,ED000012358
972,BRINOLAR EYE DROPS 5ML,BRINOLAR EYE ,DROPS 5ML,ED000012361
973,BRINTELLIX 10MG TABLETS,BRINTELLIX 10MG ,TABLETS,ED000110691
974,BRINTELLIX 20MG TABLETS,BRINTELLIX 20MG ,TABLETS,ED000119193
975,BRINTELLIX 5MG TABLETS,BRINTELLIX 5MG ,TABLETS,ED000110692
976,BRINZAGAN OPTHA E/DROP 5ML,BRINZAGAN OPTHA E/,DROP 5ML,ED000012369
977,BRINZEMIC B EYE DROP 5ML,BRINZEMIC B EYE ,DROP 5ML,ED000149058
978,BRINZODOC EYEDROP 5ML,BRINZODOC EYE,DROP 5ML,ED000153584
979,BRINZOTIM EYEDROP 5ML,BRINZOTIM EYE,DROP 5ML,ED000012372
980,BRINZOX E/D # 5ML,BRINZOX E/D # 5ML,,ED000012373
981,BRINZOX EYEDROP 5ML,BRINZOX EYE,DROP 5ML,ED000012373
982,BRINZOX-T EYE DROPS 5ML,BRINZOX-T EYE ,DROPS 5ML,ED000012374
983,BRIOPIN FORTE,BRIOPIN FORTE,,ED000129210
984,BRIOPT EYE DROPS SL DOMESTIC 5ML,BRIOPT EYE ,DROPS SL DOMESTIC 5ML,ED000012386
985,BRIPCA 100 14^S,BRIPCA 100 Strip of 14,,ED000159035
986,BRIPCA 25 14^S,BRIPCA 25 Strip of 14,,ED000159036
987,BRIPCA 50 14^S,BRIPCA 50 Strip of 14,,ED000159037
988,BRISTAA ADVANCED SKIN JAR,BRISTAA ADVANCED SKIN JAR,,ED000012390
989,BRISTAA INTENSE 20GM,BRISTAA INTENSE 20GM,,ED000145948
990,BRITE CREAM 12% 20GM,BRITE ,CREAM 12% 20GM,ED000012398
991,BRITE CREAM. 20GM,BRITE ,CREAM. 20GM,ED000012398
992,BRITE LITE CREAM. 20GM,BRITE LITE ,CREAM. 20GM,ED000012399
993,BRITESITE EYEDROP 10ML,BRITESITE EYE,DROP 10ML,ED000012401
994,BRITIBLU BF EYE DROP 5ML,BRITIBLU BF EYE ,DROP 5ML,ED000156526
995,BRITIBLU EYE DROPS 5ML,BRITIBLU EYE ,DROPS 5ML,ED000012402
996,BRITIVIN EYE DROP 5ML,BRITIVIN EYE ,DROP 5ML,ED000116369
997,BRITNY TABLETS. 10,BRITNY ,TABLETS. 10,ED000119734
998,BRIV+ 100 MG TABLETS 10^S,BRIV+ 100 MG ,TABLETS Strip of 10,ED000163534
999,BRIV+ 50 MG TABLETS 10^S,BRIV+ 50 MG ,TABLETS Strip of 10,ED000161897
1000,BRIVAHENZ 100 10^S,BRIVAHENZ 100 Strip of 10,,ED000156907
1001,BRIVAHENZ 50 10^S,BRIVAHENZ 50 Strip of 10,,ED000156908
1002,BRIVAHENZ 75 10^S,BRIVAHENZ 75 Strip of 10,,ED000156909
1003,BRIVAJOY 100 TABLETS 14^S,BRIVAJOY 100 ,TABLETS Strip of 14,ED000156894
1004,BRIVAJOY 50 TABLETS 14^S,BRIVAJOY 50 ,TABLETS Strip of 14,ED000156896
1005,BRIVAJOY 75 TABLETS 14^S,BRIVAJOY 75 ,TABLETS Strip of 14,ED000169273
1006,BRIVALEX 100 15^S,BRIVALEX 100 Strip of 15,,ED000157260
1007,BRIVALEX 50 15^S,BRIVALEX 50 Strip of 15,,ED000157261
1008,BRIVALEX 75 15^S,BRIVALEX 75 Strip of 15,,ED000157262
1009,BRIVANEXT 100 10^S,BRIVANEXT 100 Strip of 10,,ED000157487
1010,BRIVANEXT 50 10^S,BRIVANEXT 50 Strip of 10,,ED000157488
1011,BRIVANEXT 75 10^S,BRIVANEXT 75 Strip of 10,,ED000157489
1012,BRIVASURE 100 10^S,BRIVASURE 100 Strip of 10,,ED000157110
1013,BRIVASURE 50 10^S,BRIVASURE 50 Strip of 10,,ED000157112
1014,BRIVASURE 75 10^S,BRIVASURE 75 Strip of 10,,ED000157113
1015,BRIVASURE INJECTION 5ML,BRIVASURE ,INJECTION 5ML,ED000157742
1016,BRIVAZEN 100 10^S,BRIVAZEN 100 Strip of 10,,ED000156638
1017,BRIVAZEN 25 10^S,BRIVAZEN 25 Strip of 10,,ED000156639
1018,BRIVAZEN 50 10^S,BRIVAZEN 50 Strip of 10,,ED000156641
1019,BRIVAZEN 75 10^S,BRIVAZEN 75 Strip of 10,,ED000156642
1020,BRIVAZEN INJECTION 5ML,BRIVAZEN ,INJECTION 5ML,ED000157388
1021,BRIVEE 50 10,BRIVEE 50 10,,ED000157265
1022,BRIVEE-25 10^S,BRIVEE-25 Strip of 10,,ED000157266
1023,BRIVEPSY 100 TABLETS 14^S,BRIVEPSY 100 ,TABLETS Strip of 14,ED000159541
1024,BRIVEPSY 50 TABLETS 14^S,BRIVEPSY 50 ,TABLETS Strip of 14,ED000159542
1025,BRIVETOIN 100 TABLETS 10^S,BRIVETOIN 100 ,TABLETS Strip of 10,ED000156897
1026,BRIVETOIN 50 TABLETS 10^S,BRIVETOIN 50 ,TABLETS Strip of 10,ED000156899
1027,BRIVEX EYE/DROP 5ML,BRIVEX EYE/,DROP 5ML,ED000012411
1028,BRIVEX EYE/DROP # 5ML,BRIVEX EYE/,DROP # 5ML,ED000012411
1029,BRIVGARD 50MG TABLETS 10S,BRIVGARD 50MG ,TABLETS 10S,ED000157182
1030,BRIVIACT 100 MG TABLETS 14S,BRIVIACT 100 MG ,TABLETS 14S,ED000117238
1031,BRIVIACT 50 MG TABLETS 14S,BRIVIACT 50 MG ,TABLETS 14S,ED000110697
1032,BRIVIACT 75 MG TABLETS 14S,BRIVIACT 75 MG ,TABLETS 14S,ED000147031
1033,BRIZAIR 24: BR CROMPTON,BRIZAIR 24: BR CROMPTON,,
1034,BRIZAIR 48: WH CROMPTON,BRIZAIR 48: WH CROMPTON,,
1035,BRO-ZEET LS DROP 15ML,BRO-ZEET LS ,DROP 15ML,ED000012633
1036,BROCLEAR TABLETS 10^S,BROCLEAR ,TABLETS Strip of 10,ED000012459
1037,BROCLEAR TABLETS 10^S,BROCLEAR ,TABLETS Strip of 10,ED000012459
1038,BRODAC SYP 100ML,BRODAC SYP 100ML,,ED000121037
1039,BROMENAC EYE DROP 5ML,BROMENAC EYE ,DROP 5ML,ED000012487
1040,BROMFLAM EYE DROPS 5ML,BROMFLAM EYE ,DROPS 5ML,ED000131058
1041,BROMHEXINE ELIXIR 120ML,BROMHEXINE ELIXIR 120ML,,ED000012499
1042,BROMHEXINE TABLETS 10^S,BROMHEXINE ,TABLETS Strip of 10,ED000012500
1043,BROMOGESIC 10^S,BROMOGESIC Strip of 10,,ED000174992
1044,BROMOSTAR-T EYE DROP 5ML,BROMOSTAR-T EYE ,DROP 5ML,ED000152539
1045,BROMUCAS 100 10^S,BROMUCAS 100 Strip of 10,,
1046,BROMUCAS 200 10^S,BROMUCAS 200 Strip of 10,,
1047,BROMUTRIP TABLETS 10S,BROMUTRIP ,TABLETS 10S,ED000149062
1048,BROMVUE EYE DROPS 5ML,BROMVUE EYE ,DROPS 5ML,ED000110701
1049,BRONCHO-XP SYP 100ML,BRONCHO-XP SYP 100ML,,ED000012544
1050,BRONCOREX EXPT 100ML,BRONCOREX EXPT 100ML,,ED000012561
1051,BRONIC A PCS,BRONIC A PCS,,ED000121333
1052,BRONSIM SYP,BRONSIM SYP,,ED000110705
1053,BROPHYLE CAPSULES 10*10C,BROPHYLE ,CAPSULES 10*10C,ED000012594
1054,BROPHYLE N TABLETS 10T,BROPHYLE N ,TABLETS 10T,ED000140566
1055,BROPHYLE N TABLETS # 10S,BROPHYLE N ,TABLETS # 10S,ED000140566
1056,BROPHYLE SR TABLETS 10*10T,BROPHYLE SR ,TABLETS 10*10T,ED000012595
1057,BROZEDEX LS DROP 15ML,BROZEDEX LS ,DROP 15ML,ED000012417
1058,BROZEDEX LS KID SYP 60ML,BROZEDEX LS KID SYP 60ML,,ED000012420
1059,BROZEDEX LS SYRUP 100ML,BROZEDEX LS ,SYRUP 100ML,ED000012419
1060,BROZEDEX SF SYP 100ML,BROZEDEX SF SYP 100ML,,ED000012415
1061,BROZEDEX SF SYRUP # 100ML,BROZEDEX SF ,SYRUP # 100ML,ED000012415
1062,BROZEDEX SYP 100ML,BROZEDEX SYP 100ML,,ED000012414
1063,BROZEDEX SYRUP,BROZEDEX ,SYRUP,
1064,BROZEDEX SYRUP 100ML 100ML,BROZEDEX ,SYRUP 100ML 100ML,ED000012414
1065,BRO-ZEET LS PLUS 100ML,BRO-ZEET LS PLUS 100ML,,ED000012635
1066,BRO-ZEET LS SYRUP 100ML,BRO-ZEET LS ,SYRUP 100ML,ED000012634
1067,BRO-ZEET SF SYP 100ML,BRO-ZEET SF SYP 100ML,,ED000012636
1068,BRO-ZEET SYP 100ML,BRO-ZEET SYP 100ML,,
1069,BRO-ZEET SYP # 100ML,BRO-ZEET SYP # 100ML,,ED000012632
1070,BRO-ZEET SYP(NEW) 100ML,BRO-ZEET SYP(NEW) 100ML,,ED000061506
1071,BRUFAMOL TABLETS 10S,BRUFAMOL ,TABLETS 10S,ED000012657
1072,BRUFEN 200 TABLETS $ 15^S,BRUFEN 200 ,TABLETS $ Strip of 15,ED000012662
1073,BRUFEN 400 TABLETS $ 15^S,BRUFEN 400 ,TABLETS $ Strip of 15,ED000012663
1074,BRUFEN 600 TABLETS $ 15^S,BRUFEN 600 ,TABLETS $ Strip of 15,ED000012664
1075,BRUFEN ACTIVE OINTMENT 30GM,BRUFEN ACTIVE ,OINTMENT 30GM,ED000012667
1076,BRUFEN JR SYRUP 60ML,BRUFEN JR ,SYRUP 60ML,ED000012668
1077,BRUGEL ACTIFAST GEL 30GM,BRU,GEL 30GM,ED000110715
1078,BRUNDA ANTI AGING CREAM,BRUNDA ANTI AGING ,CREAM,ED000012684
1079,BRUNDA UNDER EYE GEL,BRUNDA UNDER EYE ,GEL,ED000012687
1080,BRUNOJOY 150 MG 10T,BRUNOJOY 150 MG 10T,,
1081,BRUTACEF AZ 250 TABLETS $,BRUTACEF AZ 250 ,TABLETS $,ED000012700
1082,BRUTACEF AZ 500 TABLETS $,BRUTACEF AZ 500 ,TABLETS $,ED000012701
1083,BRUTACEF AZ KID TABLETS $,BRUTACEF AZ KID ,TABLETS $,ED000012703
1084,BRUTACEF-O 10^S,BRUTACEF-O Strip of 10,,ED000012705
1085,BRUTAL SUSPENSION 10ML,BRUTAL SUSPENSION 10ML,,
1086,BRUTAL TABLETS 1,BRUTAL ,TABLETS 1,
1087,BRUTWIN DS 1PACK,BRUTWIN DS 1PACK,,ED000161143
1088,BRYO 4G 10^S,BRYO 4G Strip of 10,,ED000121038
1089,BRYO 9G 10^S,BRYO 9G Strip of 10,,
1090,BTN FORTE TABLETS 10^S,BTN FORTE ,TABLETS Strip of 10,ED000012735
1091,BTN TABLETS 10^S,BTN ,TABLETS Strip of 10,ED000012738
1092,BTN ULTRA TABLETS 30^S,BTN ULTRA ,TABLETS Strip of 30,ED000152286
1093,BUBBLE MATRES(QDC-303)PUMP 1PCS,BUBBLE MATRES(QDC-303)PUMP 1PCS,,
1094,BUBBLEWASH F/W 100ML,BUBBLEWASH F/W 100ML,,ED000119267
1095,BUBCA TABLETS,BUBCA ,TABLETS,ED000110716
1096,BUCAY OINTMENT 20GM,BUCAY ,OINTMENT 20GM,ED000131681
1097,BUDAMATE 100 TRANSHALER 1^S,BUDAMATE 100 TRANSHALER Strip of 1,,ED000012751
1098,BUDAMATE 200 INHALER .120MD,BUDAMATE 200 INHALER .120MD,,ED000012752
1099,ZEROBOND 1*10,ZEROBOND 1*10,,ED000174994
1100,RESPIMUNE SACHET 10S,RESPIMUNE SACHET 10S,,
1101,AZEE 100 SYP IP(100MG/5ML) 15ML,AZEE 100 SYP IP(100MG/5ML) 15ML,,ED000176321
1102,BUDAMATE 200 TRANSCAPSULES 30CAPSULES,BUDAMATE 200 TRANS,CAPSULES,ED000012753
1103,BUDAMATE 400 INHALER 1^S,BUDAMATE 400 INHALER Strip of 1,,ED000012756
1104,BUDAMATE 400 TRANSCAPSULES 30CAPSULES,BUDAMATE 400 TRANS,CAPSULES,ED000012757
1105,AZEE 200 SYP IP(200MG/5ML) 15ML,AZEE 200 SYP IP(200MG/5ML) 15ML,,ED000156575
1106,FLOMIST F NASAL SPRAY 12.2GM,FLOMIST F NASAL SPRAY 12.2GM,,ED000169902
1107,BUDAMATE FORTE CAPSULES 30C,BUDAMATE FORTE ,CAPSULES 30C,ED000012759
1108,BUDAMATE NEB 0.5(RESPULES) 7*2ML,BUDAMATE NEB 0.5(RESPULES) 7*2ML,,ED000012763
1109,BUDAMATE NEB 1MG(RESPULES) 7*2ML,BUDAMATE NEB 1MG(RESPULES) 7*2ML,,ED000012764
1110,BUDATE 0.5 TRANSPULES 2ML,BUDATE 0.5 TRANSPULES 2ML,,ED000012770
1111,BUDATE 100 INHALER 1,BUDATE 100 INHALER 1,,ED000012765
1112,BUDATE 200 INHALER 1UNIT,BUDATE 200 INHALER 1UNIT,,ED000012767
1113,BUDATE 200 TRANSCAPSULES 30,BUDATE 200 TRANS,CAPSULES 30,ED000149065
1114,BUDATE 400 TRANSCAPSULES 30^S,BUDATE 400 TRANS,CAPSULES Strip of 30,ED000012769
1115,BUDATE FORTE TRANSPULES 2ML,BUDATE FORTE TRANSPULES 2ML,,ED000012771
1116,BUDATE I RESPULES,BUDATE I RESPULES,,
1117,BUDECORT 100 INHALER DC 200MD,BUDECORT 100 INHALER DC 200MD,,ED000012774
1118,BUDECORT 100 ROTACAPSULES 30CAPSULES,BUDECORT 100 ROTA,CAPSULES,ED000012775
1119,BUDECORT 200 INHALER 200MD,BUDECORT 200 INHALER 200MD,,ED000012776
1120,BUDECORT 200 INHALER 200M,BUDECORT 200 INHALER 200M,,
1121,BUDECORT 200 ROTACAPSULES 30 CAPSULES,BUDECORT 200 ROTA,CAPSULES,ED000012777
1122,BUDECORT 400 ROTACAPSULES 30CAPSULES,BUDECORT 400 ROTA,CAPSULES,ED000012779
1123,BUDECORT CR CAPSULES 30^S,BUDECORT CR ,CAPSULES Strip of 30,ED000140797
1124,BUDECORT RESP 0.5MG 2ML,BUDECORT RESP 0.5MG 2ML,,ED000012772
1125,BUDECORT RESP 0.5MG. 2ML,BUDECORT RESP 0.5MG. 2ML,,ED000012772
1126,BUDECORT(1MG)RESPULES 2ML,BUDECORT(1MG)RESPULES 2ML,,ED000012773
1127,BUDENASE AQ SPRAY 150MD,BUDENASE AQ SPRAY 150MD,,ED000012785
1128,BUDESAL 0.5RESPULES 2 ML,BUDESAL 0.5RESPULES 2 ML,,ED000110723
1129,BUDESAL 0.5RESPULES # 2ML,BUDESAL 0.5RESPULES # 2ML,,ED000110723
1130,BUDESAL 1 RES(1*20) 2 ML,BUDESAL 1 RES(1*20) 2 ML,,ED000110724
1131,LUDURA SOFT CREAM 1% W/W 30GM,LUDURA SOFT ,CREAM 1% W/W 30GM,ED000169790
1132,BUDETROL 0.5MG RESP 2ML,BUDETROL 0.5MG RESP 2ML,,ED000133422
1133,BUDETROL 100 CAPSULES 30^S,BUDETROL 100 ,CAPSULES Strip of 30,ED000012790
1134,BUDETROL 100 INHALER INHA,BUDETROL 100 INHALER INHA,,ED000012791
1135,BUDETROL 200 CAPSULES 30^S,BUDETROL 200 ,CAPSULES Strip of 30,ED000012792
1136,BUDETROL 200 INHA INHA,BUDETROL 200 INHA INHA,,ED000012793
1137,BUDETROL 400  CAPSULES 30^S,BUDETROL 400  ,CAPSULES Strip of 30,ED000012794
1138,BUDETROL 400 INHA INHA,BUDETROL 400 INHA INHA,,ED000012795
1139,BUDETROL FORTE 30^S,BUDETROL FORTE Strip of 30,,ED000012796
1140,BUDETROL FORTE INHALER INHA,BUDETROL FORTE INHALER INHA,,ED000012797
1141,BUDEZ CR 10^S,BUDEZ CR Strip of 10,,ED000012801
1142,BUDEZ OD 9MG TABLETS 15S,BUDEZ OD 9MG ,TABLETS 15S,ED000158061
1143,BUILDCAL TABLETS 10^S,BUILDCAL ,TABLETS Strip of 10,ED000012809
1144,BULARID CAPSULES 10.S,BULARID ,CAPSULES 10.S,ED000012811
1145,BULARID L 10S,BULARID L 10S,,ED000153193
1146,BUMEAZE CLEASING WIPES 80^S 1*10,BUMEAZE CLEASING WIPES Strip of 80 1*10,,ED000156063
1147,BUNASE L 0.5 RESP 2ML,BUNASE L 0.5 RESP 2ML,,
1148,BUNASE RES 1 5*2.0ml,BUNASE RES 1 5*2.0ml,,ED000012827
1149,BUNASE RESPULES 0.5 5*2ML,BUNASE RESPULES 0.5 5*2ML,,ED000012827
1150,BUPREPLAST 10MG,BUPREPLAST 10MG,,ED000153696
1151,BUPREPLAST 5MG,BUPREPLAST 5MG,,ED000153699
1152,BUPRON SR 150MG 10^S,BUPRON SR 150MG Strip of 10,,ED000012844
1153,BUPRON XL 150 TABLETS 10^S,BUPRON XL 150 ,TABLETS Strip of 10,ED000012847
1154,BUPRON XL 300MG 10^S,BUPRON XL 300MG Strip of 10,,ED000012848
1155,BURNHEAL CREAM 15GM,BURNHEAL ,CREAM 15GM,ED000012859
1156,BURPEX CAPSULES 10^S,BURPEX ,CAPSULES Strip of 10,ED000012882
1157,BUSCOGAST 20MG AMP 1*1ML,BUSCOGAST 20MG AMP 1*1ML,,ED000012889
1158,BUSCOGAST AMP 1AMP,BUSCOGAST AMP 1AMP,,ED000012889
1159,BUSCOGAST AMP 50^S,BUSCOGAST AMP Strip of 50,,ED000012889
1160,BUSCOGAST PLUS 10^S,BUSCOGAST PLUS Strip of 10,,ED000012890
1161,BUSCOGAST TABLETS 10^S,BUSCOGAST ,TABLETS Strip of 10,ED000012888
1162,BUSCOGAST TABLETS. 10^S,BUSCOGAST ,TABLETS. Strip of 10,ED000012888
1163,BUSPIN 10 TABLETS 10^S,BUSPIN 10 ,TABLETS Strip of 10,ED000012902
1164,BUSPIN 5 TABLETS 10^S,BUSPIN 5 ,TABLETS Strip of 10,ED000012903
1165,BUTAPROXYVON 50MG CAPSULES 10^S,BUTAPROXYVON 50MG ,CAPSULES Strip of 10,ED000012911
1166,BUTAPROXYVON GEL 30GM,BUTAPROXYVON ,GEL 30GM,
1167,BUTAPROXYVON SP 10 TABLETS,BUTAPROXYVON SP 10 ,TABLETS,
1168,BUTRUM INJECTION 1MG 5*1 ML,BUTRUM ,INJECTION 1MG 5*1 ML,ED000012923
1169,BUXORIC 40 TABLETS 10S,BUXORIC 40 ,TABLETS 10S,ED000012932
1170,BUXORIC 80 TABLETS 10S,BUXORIC 80 ,TABLETS 10S,ED000012933
1171,BVIGOR,BVIGOR,,ED000117246
1172,BYLOZA 20MG 1*10,BYLOZA 20MG 1*10,,ED000130264
1173,B-ZYME SYP.,B-ZYME SYP.,,ED000009332
1174,B-ZYME TABLETS,B-ZYME ,TABLETS,ED000009333
