,item_name,First_Part,Type
0,B 29 Aq - Vial of 1ml Injection,B29AQ,VIALOF1MLINJECTION
1,B 29 Daily - Strip of 10 Tablets,B29DAILY,STRIPOF10TABLETS
1,B 29 Daily - Strip of 10 Tablets,B29DAILY,STRIPOF10TABLETS
6,B Bact - Tube of 15g Ointment,BBACT,TUBEOF15GOINTMENT
6,B Bact - Tube of 15g Ointment,BBACT,TUBEOF15GOINTMENT
6,B Bact - Tube of 15g Ointment,BBACT,TUBEOF15GOINTMENT
7,B Bact - Tube of 5gm Ointment,BBACT,TUBEOF5GMOINTMENT
7,B Bact - Tube of 5gm Ointment,BBACT,TUBEOF5GMOINTMENT
7,B Bact - Tube of 5gm Ointment,BBACT,TUBEOF5GMOINTMENT
27,B29 - Bottle of 200Ml Liquid,B29,BOTTLEOF200MLLIQUID
27,B29 - Bottle of 200Ml Liquid,B29,BOTTLEOF200MLLIQUID
28,B-29 - Strip of 10 Tablets,B29,STRIPOF10TABLETS
28,B-29 - Strip of 10 Tablets,B29,STRIPOF10TABLETS
31,B-29 Daily - Strip of 15 Tablets,B29DAILY,STRIPOF15TABLETS
31,B-29 Daily - Strip of 15 Tablets,B29DAILY,STRIPOF15TABLETS
32,B-29 Gold - Strip of 10 Tablets,B29GOLD,STRIPOF10TABLETS
34,B-29 LC - Strip of 10 Tablets,B29LC,STRIPOF10TABLETS
35,B-29 MAX - Strip of 10 Capsules,B29MAX,STRIPOF10CAPSULES
36,B4 Nappi - Tube of 75 Gms Cream,B4NAPPI,TUBEOF75GMSCREAM
74,Bacstol 100 - Strip of 10 Tablets,BACSTOL100,STRIPOF10TABLETS
74,Bacstol 100 - Strip of 10 Tablets,BACSTOL100,STRIPOF10TABLETS
75,Bacstol 200 - Strip of 10 Tablets,BACSTOL200,STRIPOF10TABLETS
75,Bacstol 200 - Strip of 10 Tablets,BACSTOL200,STRIPOF10TABLETS
82,Bactiv - Bottle of 10 Capsules,BACTIV,BOTTLEOF10CAPSULES
83,B-Active - Bottle of 100ml Liquid,BACTIVE,BOTTLEOF100MLLIQUID
85,B-active- Strip of 15 Tablets,BACTIVE,STRIPOF15TABLETS
87,Bactoclav - Bottle of 10 ml Drops,BACTOCLAV,BOTTLEOF10MLDROPS
87,Bactoclav - Bottle of 10 ml Drops,BACTOCLAV,BOTTLEOF10MLDROPS
88,Bactoclav - Bottle of 30 ml Suspension,BACTOCLAV,BOTTLEOF30MLSUSPENSION
88,Bactoclav - Bottle of 30 ml Suspension,BACTOCLAV,BOTTLEOF30MLSUSPENSION
89,Bactoclav - Vial of 1.2gm Injection,BACTOCLAV,VIALOF1.2GMINJECTION
89,Bactoclav - Vial of 1.2gm Injection,BACTOCLAV,VIALOF1.2GMINJECTION
90,Bactoclav 1000 - Strip of 4 Tablets,BACTOCLAV1000,STRIPOF4TABLETS
92,Bactoclav 375 - Strip of 10 Tablets,BACTOCLAV375,STRIPOF10TABLETS
95,Bactoclav DT - Strip of 10 Tablets,BACTOCLAVDT,STRIPOF10TABLETS
95,Bactoclav DT - Strip of 10 Tablets,BACTOCLAVDT,STRIPOF10TABLETS
96,Bactoclav-625 - Strip of 10 Tablets,BACTOCLAV625,STRIPOF10TABLETS
97,Bactogard 100 - Bottle of 15g/30ml Syrup Powder,BACTOGARD100,BOTTLEOF15G/30MLSYRUPPOWDER
99,Bactogard 200 - Strip of 10 Tablets,BACTOGARD200,STRIPOF10TABLETS
99,Bactogard 200 - Strip of 10 Tablets,BACTOGARD200,STRIPOF10TABLETS
105,Bactomin 375 - Strip of 10 Tablets,BACTOMIN375,STRIPOF10TABLETS
106,Bactomin 750 - Strip of 6 Tablets,BACTOMIN750,STRIPOF6TABLETS
128,Balvibe - Blister Pack of 10 Capsules,BALVIBE,BLISTERPACKOF10CAPSULES
131,Ban A Tan - Tube of 25 gm Cream,BANATAN,TUBEOF25GMCREAM
132,Ban A Tan - Tube of 50 gm Cream,BANATAN,TUBEOF50GMCREAM
135,Bandy - Bottle of 10 ml Suspension,BANDY,BOTTLEOF10MLSUSPENSION
136,Bandy - Strip of 1 Tablet,BANDY,STRIPOF1TABLET
137,Bandy - Strip of 10 Tablets,BANDY,STRIPOF10TABLETS
138,Bandy- Plus - Bottle of 10 ml Suspension,BANDYPLUS,BOTTLEOF10MLSUSPENSION
138,Bandy- Plus - Bottle of 10 ml Suspension,BANDYPLUS,BOTTLEOF10MLSUSPENSION
139,Bandy- Plus - Strip of 1 Tablet,BANDYPLUS,STRIPOF1TABLET
139,Bandy- Plus - Strip of 1 Tablet,BANDYPLUS,STRIPOF1TABLET
140,Bandy-Plus - Strip of 10 Tablets,BANDYPLUS,STRIPOF10TABLETS
140,Bandy-Plus - Strip of 10 Tablets,BANDYPLUS,STRIPOF10TABLETS
141,Bandy-Plus 12mg - Strip of 1 Tablets,BANDYPLUS12MG,STRIPOF1TABLETS
142,Bandy-Plus 12mg - Strip of 10 Tablet,BANDYPLUS12MG,STRIPOF10TABLET
146,BANOCIDE - Bottle of 100 ml Syrup,BANOCIDE,BOTTLEOF100MLSYRUP
147,Banocide - Strip of 20 Tablets,BANOCIDE,STRIPOF20TABLETS
150,Banocide Forte - Strip of 30 Tablets,BANOCIDEFORTE,STRIPOF30TABLETS
153,Banoflam-Forte - Strip of 10 Tablets,BANOFLAMFORTE,STRIPOF10TABLETS
156,BARIKIND 4 - Strip of 14 Tablets,BARIKIND4,STRIPOF14TABLETS
185,Basiton Forte New - Strip of 15 Tablets,BASITONFORTENEW,STRIPOF15TABLETS
192,Bayace 100MG - Strip of 10 Capsules,BAYACE100MG,STRIPOF10CAPSULES
193,Baycip 250MG - Strip of 10 Tablets,BAYCIP250MG,STRIPOF10TABLETS
194,Baycip 500 - Strip of 10 Tablets,BAYCIP500,STRIPOF10TABLETS
195,Baycip TZ - Strip of 10 Tablets,BAYCIPTZ,STRIPOF10TABLETS
199,B-Bact - Tube of 10 gms Ointment,BBACT,TUBEOF10GMSOINTMENT
199,B-Bact - Tube of 10 gms Ointment,BBACT,TUBEOF10GMSOINTMENT
199,B-Bact - Tube of 10 gms Ointment,BBACT,TUBEOF10GMSOINTMENT
234,Bdiff A - Tube of 15 gm Gel,BDIFFA,TUBEOF15GMGEL
241,Becadexamin - Bottle of 30 Capsules,BECADEXAMIN,BOTTLEOF30CAPSULES
241,Becadexamin - Bottle of 30 Capsules,BECADEXAMIN,BOTTLEOF30CAPSULES
242,BECELAC FORTE - Strip of 10 Capsules,BECELACFORTE,STRIPOF10CAPSULES
243,Becelac fortz - Strip of 15 Capsules,BECELACFORTZ,STRIPOF15CAPSULES
244,Becelac PB - Strip of 10 Capsules,BECELACPB,STRIPOF10CAPSULES
259,Becomax C Forte - Strip of 15 Tablets,BECOMAXCFORTE,STRIPOF15TABLETS
260,Becomax C Forte - Strip of 15 Tablets,BECOMAXCFORTE,STRIPOF15TABLETS
266,Becosules - Bottle of 120 ml Syrup,BECOSULES,BOTTLEOF120MLSYRUP
266,Becosules - Bottle of 120 ml Syrup,BECOSULES,BOTTLEOF120MLSYRUP
267,Becosules - Strip of 20 Capsules,BECOSULES,STRIPOF20CAPSULES
267,Becosules - Strip of 20 Capsules,BECOSULES,STRIPOF20CAPSULES
271,Becosules Women - Strip of 15 Capsules,BECOSULESWOMEN,STRIPOF15CAPSULES
272,Becosules Z - Strip of 20 Capsules,BECOSULESZ,STRIPOF20CAPSULES
272,Becosules Z - Strip of 20 Capsules,BECOSULESZ,STRIPOF20CAPSULES
278,Becozinc - Strip of 15 Capsules,BECOZINC,STRIPOF15CAPSULES
278,Becozinc - Strip of 15 Capsules,BECOZINC,STRIPOF15CAPSULES
278,Becozinc - Strip of 15 Capsules,BECOZINC,STRIPOF15CAPSULES
278,Becozinc - Strip of 15 Capsules,BECOZINC,STRIPOF15CAPSULES
278,Becozinc - Strip of 15 Capsules,BECOZINC,STRIPOF15CAPSULES
279,Becozinc - Strip of 20 Capsules,BECOZINC,STRIPOF20CAPSULES
279,Becozinc - Strip of 20 Capsules,BECOZINC,STRIPOF20CAPSULES
279,Becozinc - Strip of 20 Capsules,BECOZINC,STRIPOF20CAPSULES
279,Becozinc - Strip of 20 Capsules,BECOZINC,STRIPOF20CAPSULES
279,Becozinc - Strip of 20 Capsules,BECOZINC,STRIPOF20CAPSULES
280,Becozinc - Strip of 20 Capsules,BECOZINC,STRIPOF20CAPSULES
280,Becozinc - Strip of 20 Capsules,BECOZINC,STRIPOF20CAPSULES
280,Becozinc - Strip of 20 Capsules,BECOZINC,STRIPOF20CAPSULES
280,Becozinc - Strip of 20 Capsules,BECOZINC,STRIPOF20CAPSULES
280,Becozinc - Strip of 20 Capsules,BECOZINC,STRIPOF20CAPSULES
281,Becozinc - Strip of 30 Capsules,BECOZINC,STRIPOF30CAPSULES
281,Becozinc - Strip of 30 Capsules,BECOZINC,STRIPOF30CAPSULES
281,Becozinc - Strip of 30 Capsules,BECOZINC,STRIPOF30CAPSULES
281,Becozinc - Strip of 30 Capsules,BECOZINC,STRIPOF30CAPSULES
281,Becozinc - Strip of 30 Capsules,BECOZINC,STRIPOF30CAPSULES
282,Becozinc-G - Blister Pack of 10 Capsules,BECOZINCG,BLISTERPACKOF10CAPSULES
282,Becozinc-G - Blister Pack of 10 Capsules,BECOZINCG,BLISTERPACKOF10CAPSULES
282,Becozinc-G - Blister Pack of 10 Capsules,BECOZINCG,BLISTERPACKOF10CAPSULES
283,BECOZINC-G - Strip of 10 Capsules,BECOZINCG,STRIPOF10CAPSULES
283,BECOZINC-G - Strip of 10 Capsules,BECOZINCG,STRIPOF10CAPSULES
283,BECOZINC-G - Strip of 10 Capsules,BECOZINCG,STRIPOF10CAPSULES
284,Becozinc-H - Bottle of 200 Ml Syrup,BECOZINCH,BOTTLEOF200MLSYRUP
284,Becozinc-H - Bottle of 200 Ml Syrup,BECOZINCH,BOTTLEOF200MLSYRUP
284,Becozinc-H - Bottle of 200 Ml Syrup,BECOZINCH,BOTTLEOF200MLSYRUP
285,BECOZINC-M - Strip of 10 Tablets,BECOZINCM,STRIPOF10TABLETS
285,BECOZINC-M - Strip of 10 Tablets,BECOZINCM,STRIPOF10TABLETS
285,BECOZINC-M - Strip of 10 Tablets,BECOZINCM,STRIPOF10TABLETS
286,Becozym C Forte - Strip of 15 Tablets,BECOZYMCFORTE,STRIPOF15TABLETS
287,Becozym C Forte - Strip of 15 Tablets,BECOZYMCFORTE,STRIPOF15TABLETS
289,Becozyme C Forte - Strip of 15 Tablets,BECOZYMECFORTE,STRIPOF15TABLETS
304,Beipos - Bottle of 5 ml Eye Drops,BEIPOS,BOTTLEOF5MLEYEDROPS
305,Beipos - Strip of 10 Tablets,BEIPOS,STRIPOF10TABLETS
312,Belatin-M - Strip of 10 Tablets,BELATINM,STRIPOF10TABLETS
317,Belic - Strip of 10 Tablets,BELIC,STRIPOF10TABLETS
317,Belic - Strip of 10 Tablets,BELIC,STRIPOF10TABLETS
337,Bellywell-M - Strip of 10 Tablets,BELLYWELLM,STRIPOF10TABLETS
342,Beltas - Strip of 10 Tablets,BELTAS,STRIPOF10TABLETS
361,Benalgis - Strip of 10 Tablets,BENALGIS,STRIPOF10TABLETS
363,Benalgis Forte - Bottle of 15 Capsules,BENALGISFORTE,BOTTLEOF15CAPSULES
366,Bencid - Strip of 10 Tablets,BENCID,STRIPOF10TABLETS
368,Bendex 400 - Strip of 1 Tablets,BENDEX400,STRIPOF1TABLETS
369,Bendex Plus - Strip of 1 Tablet,BENDEXPLUS,STRIPOF1TABLET
371,Beneficiale - Bottle of 100 Ml Liquid,BENEFICIALE,BOTTLEOF100MLLIQUID
371,Beneficiale - Bottle of 100 Ml Liquid,BENEFICIALE,BOTTLEOF100MLLIQUID
372,Beneficiale - Bottle of 15 ml Drops,BENEFICIALE,BOTTLEOF15MLDROPS
372,Beneficiale - Bottle of 15 ml Drops,BENEFICIALE,BOTTLEOF15MLDROPS
373,Beneficiale - Bottle of 200 Ml Liquid,BENEFICIALE,BOTTLEOF200MLLIQUID
373,Beneficiale - Bottle of 200 Ml Liquid,BENEFICIALE,BOTTLEOF200MLLIQUID
374,Beneficiale - Bottle of 200ml Liquid,BENEFICIALE,BOTTLEOF200MLLIQUID
374,Beneficiale - Bottle of 200ml Liquid,BENEFICIALE,BOTTLEOF200MLLIQUID
375,Beneficiale - Strip of 15 Capsules,BENEFICIALE,STRIPOF15CAPSULES
375,Beneficiale - Strip of 15 Capsules,BENEFICIALE,STRIPOF15CAPSULES
383,Beneria - Tube of 30gm Gel,BENERIA,TUBEOF30GMGEL
397,Benfomet - Strip of 10 Capsules,BENFOMET,STRIPOF10CAPSULES
398,Benfomet Forte - Strip of 10 Tablets,BENFOMETFORTE,STRIPOF10TABLETS
399,Benfomet Plus - Strip of 10 Tablets,BENFOMETPLUS,STRIPOF10TABLETS
406,Benfosules - Strip of 10 Capsules,BENFOSULES,STRIPOF10CAPSULES
411,BENGREAT-4MG - Strip of 10 Tablets,BENGREAT4MG,STRIPOF10TABLETS
411,BENGREAT-4MG - Strip of 10 Tablets,BENGREAT4MG,STRIPOF10TABLETS
412,Bengreat-8MG - Strip of 10 Tablets,BENGREAT8MG,STRIPOF10TABLETS
412,Bengreat-8MG - Strip of 10 Tablets,BENGREAT8MG,STRIPOF10TABLETS
413,Benibuz-8 - Strip of 10 Tablets,BENIBUZ8,STRIPOF10TABLETS
423,Beniduce 4 - Strip of 10 Tablets,BENIDUCE4,STRIPOF10TABLETS
424,Beniduce 8 - Strip of 10 Tablets,BENIDUCE8,STRIPOF10TABLETS
439,Benitowa 4 - Strip of 10 Tablets,BENITOWA4,STRIPOF10TABLETS
440,Benitowa 4 - Strip of 15 Tablets,BENITOWA4,STRIPOF15TABLETS
441,BENITOWA 4 - Strip of 15 Tablets,BENITOWA4,STRIPOF15TABLETS
442,Benitowa 8 - Strip of 10 Tablets,BENITOWA8,STRIPOF10TABLETS
443,Benitowa 8 - Strip of 15 Tablets,BENITOWA8,STRIPOF15TABLETS
444,Benitowa Beta 25 - Strip of 10 Tablets,BENITOWABETA25,STRIPOF10TABLETS
445,Benitowa Beta 25 - Strip of 15 Tablets,BENITOWABETA25,STRIPOF15TABLETS
446,Benitowa CH - Strip of 15 Tablets,BENITOWACH,STRIPOF15TABLETS
448,Benitowa Trio - Strip of 10 Tablets,BENITOWATRIO,STRIPOF10TABLETS
449,Benitowa Trio - Strip of 15 Tablets,BENITOWATRIO,STRIPOF15TABLETS
452,Benitowa-CH - Strip of 10 Tablets,BENITOWACH,STRIPOF10TABLETS
453,Benitowa-TM - Strip of 10 Tablets,BENITOWATM,STRIPOF10TABLETS
453,Benitowa-TM - Strip of 10 Tablets,BENITOWATM,STRIPOF10TABLETS
454,Benlong-4 - Strip of 10 Tablets,BENLONG4,STRIPOF10TABLETS
454,Benlong-4 - Strip of 10 Tablets,BENLONG4,STRIPOF10TABLETS
455,Benlong-8 - Strip of 10 Tablets,BENLONG8,STRIPOF10TABLETS
455,Benlong-8 - Strip of 10 Tablets,BENLONG8,STRIPOF10TABLETS
457,Benmec - Strip of 10 Capsules,BENMEC,STRIPOF10CAPSULES
472,BENXOP - Tube of 2.5 gm Gel,BENXOP,TUBEOF2.5GMGEL
473,Benxop 5 - Tube of 20 gm Gel,BENXOP5,TUBEOF20GMGEL
478,Benzac AC 2.5% - Tube of 20 gm Gel,BENZACAC2.5%,TUBEOF20GMGEL
478,Benzac AC 2.5% - Tube of 20 gm Gel,BENZACAC2.5%,TUBEOF20GMGEL
479,BENZAC AC 2.5% - Tube of 30 gm Gel,BENZACAC2.5%,TUBEOF30GMGEL
479,BENZAC AC 2.5% - Tube of 30 gm Gel,BENZACAC2.5%,TUBEOF30GMGEL
480,Benzac AC 2.5% - Tube of 30g Gel,BENZACAC2.5%,TUBEOF30GGEL
480,Benzac AC 2.5% - Tube of 30g Gel,BENZACAC2.5%,TUBEOF30GGEL
481,Benzac AC 5% - Tube of 15 gm Gel,BENZACAC5%,TUBEOF15GMGEL
481,Benzac AC 5% - Tube of 15 gm Gel,BENZACAC5%,TUBEOF15GMGEL
482,Benzac AC 5% - Tube of 20gm Gel,BENZACAC5%,TUBEOF20GMGEL
482,Benzac AC 5% - Tube of 20gm Gel,BENZACAC5%,TUBEOF20GMGEL
483,BENZAC AC 5% - Tube of 30 gm Gel,BENZACAC5%,TUBEOF30GMGEL
483,BENZAC AC 5% - Tube of 30 gm Gel,BENZACAC5%,TUBEOF30GMGEL
484,Benzac AC 5% - Tube of 30g Gel,BENZACAC5%,TUBEOF30GGEL
484,Benzac AC 5% - Tube of 30g Gel,BENZACAC5%,TUBEOF30GGEL
485,BENZADAF - Tube of 15 gm Gel,BENZADAF,TUBEOF15GMGEL
486,BENZER 2.5% - Tube of 15g Gel,BENZER2.5%,TUBEOF15GGEL
493,Benzonix - Tube of 50 gm Gel Wash,BENZONIX,TUBEOF50GMGELWASH
493,Benzonix - Tube of 50 gm Gel Wash,BENZONIX,TUBEOF50GMGELWASH
500,Beplex Forte - Strip of 20 Tablets,BEPLEXFORTE,STRIPOF20TABLETS
501,BEPLEX FORTE - Vial of 10 ml Injection,BEPLEXFORTE,VIALOF10MLINJECTION
502,BEPLEX FORTE - Vial of 2 ml Injection,BEPLEXFORTE,VIALOF2MLINJECTION
505,Beplex Lz - Strip of 15 Capsules,BEPLEXLZ,STRIPOF15CAPSULES
506,Beplex Lz - Strip of 15 Capsules,BEPLEXLZ,STRIPOF15CAPSULES
510,Beplex-LZ - Strip of 10 Tablets,BEPLEXLZ,STRIPOF10TABLETS
513,Bepomac - Strip of 10 Tablets,BEPOMAC,STRIPOF10TABLETS
516,Bepozal - Strip of 10 Tablets,BEPOZAL,STRIPOF10TABLETS
516,Bepozal - Strip of 10 Tablets,BEPOZAL,STRIPOF10TABLETS
517,Bepozic - Strip of 10 Tablets,BEPOZIC,STRIPOF10TABLETS
523,Berbeshine - Strip of 10 Tablets,BERBESHINE,STRIPOF10TABLETS
523,Berbeshine - Strip of 10 Tablets,BERBESHINE,STRIPOF10TABLETS
543,Bespro - Bottle of 200g Powder,BESPRO,BOTTLEOF200GPOWDER
543,Bespro - Bottle of 200g Powder,BESPRO,BOTTLEOF200GPOWDER
543,Bespro - Bottle of 200g Powder,BESPRO,BOTTLEOF200GPOWDER
550,Bestace - Strip of 10 Capsules,BESTACE,STRIPOF10CAPSULES
550,Bestace - Strip of 10 Capsules,BESTACE,STRIPOF10CAPSULES
550,Bestace - Strip of 10 Capsules,BESTACE,STRIPOF10CAPSULES
551,Bestace-Q - Strip of 10 Capsules,BESTACEQ,STRIPOF10CAPSULES
551,Bestace-Q - Strip of 10 Capsules,BESTACEQ,STRIPOF10CAPSULES
551,Bestace-Q - Strip of 10 Capsules,BESTACEQ,STRIPOF10CAPSULES
555,Bestflow-D - Strip of 10 Tablets,BESTFLOWD,STRIPOF10TABLETS
555,Bestflow-D - Strip of 10 Tablets,BESTFLOWD,STRIPOF10TABLETS
561,BESTOGESIC PLUS - Strip of 10 Tablets,BESTOGESICPLUS,STRIPOF10TABLETS
562,BESTOGESIC PLUS - Strip of 10 Tablets,BESTOGESICPLUS,STRIPOF10TABLETS
570,Bestozyme - Bottle of 15 ml Drops,BESTOZYME,BOTTLEOF15MLDROPS
570,Bestozyme - Bottle of 15 ml Drops,BESTOZYME,BOTTLEOF15MLDROPS
570,Bestozyme - Bottle of 15 ml Drops,BESTOZYME,BOTTLEOF15MLDROPS
571,Bestozyme - Bottle of 200 ml Syrup,BESTOZYME,BOTTLEOF200MLSYRUP
571,Bestozyme - Bottle of 200 ml Syrup,BESTOZYME,BOTTLEOF200MLSYRUP
571,Bestozyme - Bottle of 200 ml Syrup,BESTOZYME,BOTTLEOF200MLSYRUP
572,Bestozyme - Bottle of 60Ml Paediatric Syrup,BESTOZYME,BOTTLEOF60MLPAEDIATRICSYRUP
572,Bestozyme - Bottle of 60Ml Paediatric Syrup,BESTOZYME,BOTTLEOF60MLPAEDIATRICSYRUP
572,Bestozyme - Bottle of 60Ml Paediatric Syrup,BESTOZYME,BOTTLEOF60MLPAEDIATRICSYRUP
573,BESTOZYME - Strip of 15 Capsules,BESTOZYME,STRIPOF15CAPSULES
573,BESTOZYME - Strip of 15 Capsules,BESTOZYME,STRIPOF15CAPSULES
573,BESTOZYME - Strip of 15 Capsules,BESTOZYME,STRIPOF15CAPSULES
575,Beta Anxit- 20 - Strip of 10 Tablets,BETAANXIT20,STRIPOF10TABLETS
592,Betacard 25 - Strip of 14 Tablets,BETACARD25,STRIPOF14TABLETS
592,Betacard 25 - Strip of 14 Tablets,BETACARD25,STRIPOF14TABLETS
593,Betacard 50 - Strip of 14 Tablets,BETACARD50,STRIPOF14TABLETS
593,Betacard 50 - Strip of 14 Tablets,BETACARD50,STRIPOF14TABLETS
594,Betacard AM - Strip of 10 Tablets,BETACARDAM,STRIPOF10TABLETS
594,Betacard AM - Strip of 10 Tablets,BETACARDAM,STRIPOF10TABLETS
595,BETACARD AM - Strip of 10 Tablets,BETACARDAM,STRIPOF10TABLETS
595,BETACARD AM - Strip of 10 Tablets,BETACARDAM,STRIPOF10TABLETS
596,Betacard AM - Strip of 15 Tablets,BETACARDAM,STRIPOF15TABLETS
596,Betacard AM - Strip of 15 Tablets,BETACARDAM,STRIPOF15TABLETS
604,Betadine - Strip of 10 Vaginal Pessaries,BETADINE,STRIPOF10VAGINALPESSARIES
605,Betadine 10% - Bottle of 100 Ml Solution,BETADINE10%,BOTTLEOF100MLSOLUTION
605,Betadine 10% - Bottle of 100 Ml Solution,BETADINE10%,BOTTLEOF100MLSOLUTION
605,Betadine 10% - Bottle of 100 Ml Solution,BETADINE10%,BOTTLEOF100MLSOLUTION
606,Betadine 10% - Tube of 20g Ointment,BETADINE10%,TUBEOF20GOINTMENT
606,Betadine 10% - Tube of 20g Ointment,BETADINE10%,TUBEOF20GOINTMENT
606,Betadine 10% - Tube of 20g Ointment,BETADINE10%,TUBEOF20GOINTMENT
610,Betadine 5% - Bottle of 1L Standardised Microbicidal Solution,BETADINE5%,BOTTLEOF1LSTANDARDISEDMICROBICIDALSOLUTION
611,Betadine 5% - Pack of 250 gm Ointment,BETADINE5%,PACKOF250GMOINTMENT
612,Betadine 5% - Tube of 125g Ointment,BETADINE5%,TUBEOF125GOINTMENT
613,BETADINE 5% - Tube of 25g Ointment,BETADINE5%,TUBEOF25GOINTMENT
630,Betaglim-1 - Strip of 10 Tablets,BETAGLIM1,STRIPOF10TABLETS
648,Betaloc 100 mg - Strip of 10 Tablets,BETALOC100MG,STRIPOF10TABLETS
650,Betaloc 25 - Strip of 30 Tablets,BETALOC25,STRIPOF30TABLETS
651,Betaloc 50 - Strip of 30 Tablets,BETALOC50,STRIPOF30TABLETS
651,Betaloc 50 - Strip of 30 Tablets,BETALOC50,STRIPOF30TABLETS
657,BETAMIL GM - Tube of 20 gm Cream,BETAMILGM,TUBEOF20GMCREAM
657,BETAMIL GM - Tube of 20 gm Cream,BETAMILGM,TUBEOF20GMCREAM
657,BETAMIL GM - Tube of 20 gm Cream,BETAMILGM,TUBEOF20GMCREAM
658,Betamil GM - Tube of 25 g Cream,BETAMILGM,TUBEOF25GCREAM
658,Betamil GM - Tube of 25 g Cream,BETAMILGM,TUBEOF25GCREAM
658,Betamil GM - Tube of 25 g Cream,BETAMILGM,TUBEOF25GCREAM
659,Betamil GM - Tube of 30g Cream,BETAMILGM,TUBEOF30GCREAM
659,Betamil GM - Tube of 30g Cream,BETAMILGM,TUBEOF30GCREAM
659,Betamil GM - Tube of 30g Cream,BETAMILGM,TUBEOF30GCREAM
660,Betamil GM - Tube of 30g Cream,BETAMILGM,TUBEOF30GCREAM
660,Betamil GM - Tube of 30g Cream,BETAMILGM,TUBEOF30GCREAM
660,Betamil GM - Tube of 30g Cream,BETAMILGM,TUBEOF30GCREAM
662,Beta-Nicardia - Strip of 10 Capsules,BETANICARDIA,STRIPOF10CAPSULES
674,Betatrop - Strip of 10 Tablets,BETATROP,STRIPOF10TABLETS
676,Betavert - Strip of 10 Tablets,BETAVERT,STRIPOF10TABLETS
677,Betavert 16 - Strip of 10 Tablets,BETAVERT16,STRIPOF10TABLETS
678,Betavert 24 - Strip of 10 Tablets,BETAVERT24,STRIPOF10TABLETS
679,Betavert OD 24 - Strip of 10 Tablets,BETAVERTOD24,STRIPOF10TABLETS
681,BETAVIT - Strip of 10 Tablets,BETAVIT,STRIPOF10TABLETS
687,BETHADOXIN - Bottle of 15 ml Drops,BETHADOXIN,BOTTLEOF15MLDROPS
687,BETHADOXIN - Bottle of 15 ml Drops,BETHADOXIN,BOTTLEOF15MLDROPS
688,BETHADOXIN JUNIOR SUSPENSION 100ML - Bottle of 1 Suspension,BETHADOXINJUNIORSUSPENSION100ML,BOTTLEOF1SUSPENSION
690,Bethadoxin-SG - Strip of 10 Capsules,BETHADOXINSG,STRIPOF10CAPSULES
690,Bethadoxin-SG - Strip of 10 Capsules,BETHADOXINSG,STRIPOF10CAPSULES
696,Betnesol - Ampoule of 8*1 ml Injection,BETNESOL,AMPOULEOF8*1MLINJECTION
696,Betnesol - Ampoule of 8*1 ml Injection,BETNESOL,AMPOULEOF8*1MLINJECTION
697,BETNESOL - Bottle of 10ml Drops,BETNESOL,BOTTLEOF10MLDROPS
697,BETNESOL - Bottle of 10ml Drops,BETNESOL,BOTTLEOF10MLDROPS
698,Betnesol - Bottle of 15ml Drops,BETNESOL,BOTTLEOF15MLDROPS
698,Betnesol - Bottle of 15ml Drops,BETNESOL,BOTTLEOF15MLDROPS
699,BETNESOL - Bottle of 5 ml Drops,BETNESOL,BOTTLEOF5MLDROPS
699,BETNESOL - Bottle of 5 ml Drops,BETNESOL,BOTTLEOF5MLDROPS
700,Betnesol - Strip of 20 Tablets,BETNESOL,STRIPOF20TABLETS
700,Betnesol - Strip of 20 Tablets,BETNESOL,STRIPOF20TABLETS
701,Betnesol Forte - Strip of 20 Tablets,BETNESOLFORTE,STRIPOF20TABLETS
702,Betnesol N - Bottle of 5 ml Eye/Ear Drops,BETNESOLN,BOTTLEOF5MLEYE/EARDROPS
702,Betnesol N - Bottle of 5 ml Eye/Ear Drops,BETNESOLN,BOTTLEOF5MLEYE/EARDROPS
704,Betnovate - Tube of 20mg Cream,BETNOVATE,TUBEOF20MGCREAM
704,Betnovate - Tube of 20mg Cream,BETNOVATE,TUBEOF20MGCREAM
704,Betnovate - Tube of 20mg Cream,BETNOVATE,TUBEOF20MGCREAM
704,Betnovate - Tube of 20mg Cream,BETNOVATE,TUBEOF20MGCREAM
705,Betnovate N - Tube of 25g Cream,BETNOVATEN,TUBEOF25GCREAM
705,Betnovate N - Tube of 25g Cream,BETNOVATEN,TUBEOF25GCREAM
705,Betnovate N - Tube of 25g Cream,BETNOVATEN,TUBEOF25GCREAM
706,Betnovate-C - Tube of 30 g Cream,BETNOVATEC,TUBEOF30GCREAM
706,Betnovate-C - Tube of 30 g Cream,BETNOVATEC,TUBEOF30GCREAM
706,Betnovate-C - Tube of 30 g Cream,BETNOVATEC,TUBEOF30GCREAM
707,Betnovate-gm - Tube of 20gm Cream,BETNOVATEGM,TUBEOF20GMCREAM
708,Betnovate-N - Tube of 20gm Cream,BETNOVATEN,TUBEOF20GMCREAM
708,Betnovate-N - Tube of 20gm Cream,BETNOVATEN,TUBEOF20GMCREAM
708,Betnovate-N - Tube of 20gm Cream,BETNOVATEN,TUBEOF20GMCREAM
709,Betnovate-S - Tube of 20 g Skin Ointment,BETNOVATES,TUBEOF20GSKINOINTMENT
709,Betnovate-S - Tube of 20 g Skin Ointment,BETNOVATES,TUBEOF20GSKINOINTMENT
709,Betnovate-S - Tube of 20 g Skin Ointment,BETNOVATES,TUBEOF20GSKINOINTMENT
712,Betonin AST - Bottle of 170ml Syrup,BETONINAST,BOTTLEOF170MLSYRUP
712,Betonin AST - Bottle of 170ml Syrup,BETONINAST,BOTTLEOF170MLSYRUP
712,Betonin AST - Bottle of 170ml Syrup,BETONINAST,BOTTLEOF170MLSYRUP
712,Betonin AST - Bottle of 170ml Syrup,BETONINAST,BOTTLEOF170MLSYRUP
713,Betonin AST - Bottle of 200 ml Syrup,BETONINAST,BOTTLEOF200MLSYRUP
713,Betonin AST - Bottle of 200 ml Syrup,BETONINAST,BOTTLEOF200MLSYRUP
713,Betonin AST - Bottle of 200 ml Syrup,BETONINAST,BOTTLEOF200MLSYRUP
713,Betonin AST - Bottle of 200 ml Syrup,BETONINAST,BOTTLEOF200MLSYRUP
714,Betonin AST - Bottle of 400 ml Syrup,BETONINAST,BOTTLEOF400MLSYRUP
714,Betonin AST - Bottle of 400 ml Syrup,BETONINAST,BOTTLEOF400MLSYRUP
714,Betonin AST - Bottle of 400 ml Syrup,BETONINAST,BOTTLEOF400MLSYRUP
714,Betonin AST - Bottle of 400 ml Syrup,BETONINAST,BOTTLEOF400MLSYRUP
733,BEVON - Bottle of 100 ml Syrup,BEVON,BOTTLEOF100MLSYRUP
733,BEVON - Bottle of 100 ml Syrup,BEVON,BOTTLEOF100MLSYRUP
733,BEVON - Bottle of 100 ml Syrup,BEVON,BOTTLEOF100MLSYRUP
733,BEVON - Bottle of 100 ml Syrup,BEVON,BOTTLEOF100MLSYRUP
734,Bevon - Bottle of 15 ml Drops,BEVON,BOTTLEOF15MLDROPS
734,Bevon - Bottle of 15 ml Drops,BEVON,BOTTLEOF15MLDROPS
734,Bevon - Bottle of 15 ml Drops,BEVON,BOTTLEOF15MLDROPS
734,Bevon - Bottle of 15 ml Drops,BEVON,BOTTLEOF15MLDROPS
735,Bevon - Bottle of 200 ml Suspension,BEVON,BOTTLEOF200MLSUSPENSION
735,Bevon - Bottle of 200 ml Suspension,BEVON,BOTTLEOF200MLSUSPENSION
735,Bevon - Bottle of 200 ml Suspension,BEVON,BOTTLEOF200MLSUSPENSION
735,Bevon - Bottle of 200 ml Suspension,BEVON,BOTTLEOF200MLSUSPENSION
736,Bevon - Strip of 15 Capsules,BEVON,STRIPOF15CAPSULES
736,Bevon - Strip of 15 Capsules,BEVON,STRIPOF15CAPSULES
736,Bevon - Strip of 15 Capsules,BEVON,STRIPOF15CAPSULES
736,Bevon - Strip of 15 Capsules,BEVON,STRIPOF15CAPSULES
737,Bevon-CD - Strip of 10 Capsules,BEVONCD,STRIPOF10CAPSULES
737,Bevon-CD - Strip of 10 Capsules,BEVONCD,STRIPOF10CAPSULES
740,Bexol - Bottle of 5ml Drops,BEXOL,BOTTLEOF5MLDROPS
740,Bexol - Bottle of 5ml Drops,BEXOL,BOTTLEOF5MLDROPS
741,Bexol - Strip of 10 Tablets,BEXOL,STRIPOF10TABLETS
741,Bexol - Strip of 10 Tablets,BEXOL,STRIPOF10TABLETS
742,Bexol DT - Bottle of 100 Tablets,BEXOLDT,BOTTLEOF100TABLETS
742,Bexol DT - Bottle of 100 Tablets,BEXOLDT,BOTTLEOF100TABLETS
743,Bexol DT - Bottle of 50 Tablets,BEXOLDT,BOTTLEOF50TABLETS
743,Bexol DT - Bottle of 50 Tablets,BEXOLDT,BOTTLEOF50TABLETS
745,B-Fit-CD - Strip of 10 Tablets,BFITCD,STRIPOF10TABLETS
757,Bgr-34 - Bottle of 100 Tablets,BGR34,BOTTLEOF100TABLETS
757,Bgr-34 - Bottle of 100 Tablets,BGR34,BOTTLEOF100TABLETS
768,Bicef-250 - Bottle of 30 ml Dry Syrup,BICEF250,BOTTLEOF30MLDRYSYRUP
774,BIDURET - L - Strip of 10 Tablets,BIDURETL,STRIPOF10TABLETS
775,BIDURET - Strip of 10 Tablets,BIDURET,STRIPOF10TABLETS
776,Bifilac - Bottle of 5 gm/50 ml Dry Syrup,BIFILAC,BOTTLEOF5GM/50MLDRYSYRUP
776,Bifilac - Bottle of 5 gm/50 ml Dry Syrup,BIFILAC,BOTTLEOF5GM/50MLDRYSYRUP
777,Bifilac - Box of 5x3 Sachets,BIFILAC,BOXOF5X3SACHETS
777,Bifilac - Box of 5x3 Sachets,BIFILAC,BOXOF5X3SACHETS
778,Bifilac - Sachet of 0.5 gm Powder,BIFILAC,SACHETOF0.5GMPOWDER
778,Bifilac - Sachet of 0.5 gm Powder,BIFILAC,SACHETOF0.5GMPOWDER
779,Bifilac - Sachet of 3x0.5g Powder,BIFILAC,SACHETOF3X0.5GPOWDER
779,Bifilac - Sachet of 3x0.5g Powder,BIFILAC,SACHETOF3X0.5GPOWDER
780,Bifilac - Strip of 10 Capsules,BIFILAC,STRIPOF10CAPSULES
780,Bifilac - Strip of 10 Capsules,BIFILAC,STRIPOF10CAPSULES
781,Bifilac - Strip of 10 Lozenges,BIFILAC,STRIPOF10LOZENGES
781,Bifilac - Strip of 10 Lozenges,BIFILAC,STRIPOF10LOZENGES
782,Bifilac GG - 10 Sachets of 0.75g Granules,BIFILACGG,10SACHETSOF0.75GGRANULES
783,Bifilac GG - Strip of 10 Capsules,BIFILACGG,STRIPOF10CAPSULES
785,Bifilac HP - Strip of 10 Capsules,BIFILACHP,STRIPOF10CAPSULES
785,Bifilac HP - Strip of 10 Capsules,BIFILACHP,STRIPOF10CAPSULES
794,Big Nac - Tube of 30ml Gel,BIGNAC,TUBEOF30MLGEL
794,Big Nac - Tube of 30ml Gel,BIGNAC,TUBEOF30MLGEL
796,Bigbro OD - Strip of 10 Tablets,BIGBROOD,STRIPOF10TABLETS
797,BIGCEF 250mg - Strip of 10 Tablets,BIGCEF250MG,STRIPOF10TABLETS
798,BIGCEF 500mg - Strip of 10 Tablets,BIGCEF500MG,STRIPOF10TABLETS
804,Biglac - Pack of 1 gm Powder,BIGLAC,PACKOF1GMPOWDER
805,Biglac - Strip of 10 Capsules,BIGLAC,STRIPOF10CAPSULES
807,BIG-NAC MR 4 - Strip of 10 Tablets,BIGNACMR4,STRIPOF10TABLETS
809,Bigomet 250 - Strip of 10 Tablets,BIGOMET250,STRIPOF10TABLETS
810,Bigomet 850 - Strip of 10 Tablets,BIGOMET850,STRIPOF10TABLETS
813,Bigomet-SR 500 - Strip of 10 Tablets,BIGOMETSR500,STRIPOF10TABLETS
814,Bigphylin Plus - Strip of 10 Tablets,BIGPHYLINPLUS,STRIPOF10TABLETS
815,Bigspas P - Strip of 10 Tablets,BIGSPASP,STRIPOF10TABLETS
817,Bigvin 2500mg - Vial of 1 Injection,BIGVIN2500MG,VIALOF1INJECTION
824,Bilachek - Bottle of 60ml Syrup,BILACHEK,BOTTLEOF60MLSYRUP
824,Bilachek - Bottle of 60ml Syrup,BILACHEK,BOTTLEOF60MLSYRUP
826,BILACHEK-M - Strip of 10 Tablets,BILACHEKM,STRIPOF10TABLETS
826,BILACHEK-M - Strip of 10 Tablets,BILACHEKM,STRIPOF10TABLETS
827,Bilafav - Strip of 10 Tablets,BILAFAV,STRIPOF10TABLETS
832,BILAGRA-M - Strip of 10 Tablets,BILAGRAM,STRIPOF10TABLETS
841,BILALIFE M - Strip of 10 Tablets,BILALIFEM,STRIPOF10TABLETS
841,BILALIFE M - Strip of 10 Tablets,BILALIFEM,STRIPOF10TABLETS
853,Bilanix 20Mg - Strip of 10 Tablets,BILANIX20MG,STRIPOF10TABLETS
853,Bilanix 20Mg - Strip of 10 Tablets,BILANIX20MG,STRIPOF10TABLETS
855,BILANTA 20MG - Strip of 10 Tablets,BILANTA20MG,STRIPOF10TABLETS
857,Bilargic M - Strip of 10 Tablets,BILARGICM,STRIPOF10TABLETS
859,Bilaset-M - Strip of 10 Tablets,BILASETM,STRIPOF10TABLETS
860,Bilashine 20 Mg - Strip of 10 Tablets,BILASHINE20MG,STRIPOF10TABLETS
861,Bilashine DT 10 - Strip of 10 Tablets,BILASHINEDT10,STRIPOF10TABLETS
869,Bilasure 20 - Strip of 10 Tablets,BILASURE20,STRIPOF10TABLETS
872,Bilasure M - Strip of 10 Tablets,BILASUREM,STRIPOF10TABLETS
872,Bilasure M - Strip of 10 Tablets,BILASUREM,STRIPOF10TABLETS
878,Bilazest M - Strip of 10 Tablets,BILAZESTM,STRIPOF10TABLETS
881,BILBAY M - Strip of 10 Tablets,BILBAYM,STRIPOF10TABLETS
881,BILBAY M - Strip of 10 Tablets,BILBAYM,STRIPOF10TABLETS
884,Bilefix 300mg - Strip of 14 Tablets,BILEFIX300MG,STRIPOF14TABLETS
885,Bilefix 600mg - Strip of 14 Tablets,BILEFIX600MG,STRIPOF14TABLETS
889,Bilkro-M - Strip of 10 Tablets,BILKROM,STRIPOF10TABLETS
890,Billargic - Strip of 10 Tablets,BILLARGIC,STRIPOF10TABLETS
890,Billargic - Strip of 10 Tablets,BILLARGIC,STRIPOF10TABLETS
892,Billargic M - Strip of 10 Tablets,BILLARGICM,STRIPOF10TABLETS
892,Billargic M - Strip of 10 Tablets,BILLARGICM,STRIPOF10TABLETS
896,Bilovas - Strip of 10 Tablets,BILOVAS,STRIPOF10TABLETS
896,Bilovas - Strip of 10 Tablets,BILOVAS,STRIPOF10TABLETS
898,Biluma - Tube of 15 gm Cream,BILUMA,TUBEOF15GMCREAM
898,Biluma - Tube of 15 gm Cream,BILUMA,TUBEOF15GMCREAM
919,Bio D3 Plus - Bottle of 120 ml Suspension,BIOD3PLUS,BOTTLEOF120MLSUSPENSION
919,Bio D3 Plus - Bottle of 120 ml Suspension,BIOD3PLUS,BOTTLEOF120MLSUSPENSION
930,BIOCART MSM - Strip of 6 Tablets,BIOCARTMSM,STRIPOF6TABLETS
938,BIOCLAR 250 MG - Strip of 10 Tablets,BIOCLAR250MG,STRIPOF10TABLETS
939,Bioclar 250mg - Strip of 10 Tablets,BIOCLAR250MG,STRIPOF10TABLETS
940,BIOCLAR-500MG - Strip of 10 Tablets,BIOCLAR500MG,STRIPOF10TABLETS
948,Biocutis - Bottle of 100ml Lotion,BIOCUTIS,BOTTLEOF100MLLOTION
948,Biocutis - Bottle of 100ml Lotion,BIOCUTIS,BOTTLEOF100MLLOTION
949,Biocutis - Tube of 100g Cream,BIOCUTIS,TUBEOF100GCREAM
949,Biocutis - Tube of 100g Cream,BIOCUTIS,TUBEOF100GCREAM
951,Bio-D3 - Strip of 10 Capsules,BIOD3,STRIPOF10CAPSULES
953,Bio-D3 Fem - Strip of 10 Capsules,BIOD3FEM,STRIPOF10CAPSULES
953,Bio-D3 Fem - Strip of 10 Capsules,BIOD3FEM,STRIPOF10CAPSULES
954,Bio-D3 Fem - Strip of 15 Capsules,BIOD3FEM,STRIPOF15CAPSULES
954,Bio-D3 Fem - Strip of 15 Capsules,BIOD3FEM,STRIPOF15CAPSULES
956,BIO-D3 MOM - Strip of 15 Tablets,BIOD3MOM,STRIPOF15TABLETS
957,Bio-D3 Plus - Strip of 15 Capsules,BIOD3PLUS,STRIPOF15CAPSULES
957,Bio-D3 Plus - Strip of 15 Capsules,BIOD3PLUS,STRIPOF15CAPSULES
961,Biodens - Strip of 10 Tablets,BIODENS,STRIPOF10TABLETS
977,Biofer XT - Bottle of 200ml Syrup,BIOFERXT,BOTTLEOF200MLSYRUP
979,Biofer-XT - Bottle of 200ml Suspension,BIOFERXT,BOTTLEOF200MLSUSPENSION
980,Biofer-XT - Strip of 10 Tablets,BIOFERXT,STRIPOF10TABLETS
981,Biofer-XT - Strip of 10 Tablets,BIOFERXT,STRIPOF10TABLETS
1014,BIOMELA - Strip of 10 Tablets,BIOMELA,STRIPOF10TABLETS
1025,Bionect - Tube of 15 gms Ointment,BIONECT,TUBEOF15GMSOINTMENT
1041,Biopreg-F - Strip of 10 Tablets,BIOPREGF,STRIPOF10TABLETS
1054,Biosil - Strip of 10 Capsules,BIOSIL,STRIPOF10CAPSULES
1054,Biosil - Strip of 10 Capsules,BIOSIL,STRIPOF10CAPSULES
1054,Biosil - Strip of 10 Capsules,BIOSIL,STRIPOF10CAPSULES
1055,Biosilk - Bottle of 150ml Daily Moisturizing Lotion,BIOSILK,BOTTLEOF150MLDAILYMOISTURIZINGLOTION
1055,Biosilk - Bottle of 150ml Daily Moisturizing Lotion,BIOSILK,BOTTLEOF150MLDAILYMOISTURIZINGLOTION
1055,Biosilk - Bottle of 150ml Daily Moisturizing Lotion,BIOSILK,BOTTLEOF150MLDAILYMOISTURIZINGLOTION
1056,Biosilk - Tube of 100g Moisturising Cream,BIOSILK,TUBEOF100GMOISTURISINGCREAM
1056,Biosilk - Tube of 100g Moisturising Cream,BIOSILK,TUBEOF100GMOISTURISINGCREAM
1056,Biosilk - Tube of 100g Moisturising Cream,BIOSILK,TUBEOF100GMOISTURISINGCREAM
1063,Biostar Gold - Blister Pack of 10 Capsules,BIOSTARGOLD,BLISTERPACKOF10CAPSULES
1063,Biostar Gold - Blister Pack of 10 Capsules,BIOSTARGOLD,BLISTERPACKOF10CAPSULES
1064,Biostar Gold - Strip of 10 Capsules,BIOSTARGOLD,STRIPOF10CAPSULES
1064,Biostar Gold - Strip of 10 Capsules,BIOSTARGOLD,STRIPOF10CAPSULES
1066,Biosuganril 10 - Strip of 10 Tablets,BIOSUGANRIL10,STRIPOF10TABLETS
1066,Biosuganril 10 - Strip of 10 Tablets,BIOSUGANRIL10,STRIPOF10TABLETS
1073,Biotee Forte - Strip of 10 Tablets,BIOTEEFORTE,STRIPOF10TABLETS
1074,Biotee-10 - Strip of 10 Tablets,BIOTEE10,STRIPOF10TABLETS
1075,Biotee-Plus - Strip of 10 Tablets,BIOTEEPLUS,STRIPOF10TABLETS
1098,Biozim - Strip of 10 Tablets,BIOZIM,STRIPOF10TABLETS
1099,Biozim - Strip of 10 Tablets,BIOZIM,STRIPOF10TABLETS
1117,Biselect 2.5 - Strip of 10 Tablets,BISELECT2.5,STRIPOF10TABLETS
1118,Biselect 5 - Strip of 10 Tablets,BISELECT5,STRIPOF10TABLETS
1129,Bisoheart AM 2.5MG - Strip of 10 Tablets,BISOHEARTAM2.5MG,STRIPOF10TABLETS
1130,Bisoheart-2.5 - Strip of 10 Tablets,BISOHEART2.5,STRIPOF10TABLETS
1130,Bisoheart-2.5 - Strip of 10 Tablets,BISOHEART2.5,STRIPOF10TABLETS
1130,Bisoheart-2.5 - Strip of 10 Tablets,BISOHEART2.5,STRIPOF10TABLETS
1131,Bisoheart-5 - Strip of 10 Tablets,BISOHEART5,STRIPOF10TABLETS
1131,Bisoheart-5 - Strip of 10 Tablets,BISOHEART5,STRIPOF10TABLETS
1131,Bisoheart-5 - Strip of 10 Tablets,BISOHEART5,STRIPOF10TABLETS
1132,Bisoheart-AM 5 - Strip of 10 Tablets,BISOHEARTAM5,STRIPOF10TABLETS
1132,Bisoheart-AM 5 - Strip of 10 Tablets,BISOHEARTAM5,STRIPOF10TABLETS
1132,Bisoheart-AM 5 - Strip of 10 Tablets,BISOHEARTAM5,STRIPOF10TABLETS
1135,BISONEXT 10 - Strip of 15 Tablets,BISONEXT10,STRIPOF15TABLETS
1136,Bisonext 2.5 - Strip of 15 Tablets,BISONEXT2.5,STRIPOF15TABLETS
1136,Bisonext 2.5 - Strip of 15 Tablets,BISONEXT2.5,STRIPOF15TABLETS
1137,Bisonext 5 - Strip of 15 Tablets,BISONEXT5,STRIPOF15TABLETS
1137,Bisonext 5 - Strip of 15 Tablets,BISONEXT5,STRIPOF15TABLETS
1138,BISONEXT AM 2.5 - Strip of 15 Tablets,BISONEXTAM2.5,STRIPOF15TABLETS
1139,BISONEXT AM 5 - Strip of 15 Tablets,BISONEXTAM5,STRIPOF15TABLETS
1141,Bisosafe 2.5mg - Strip of 10 Tablets,BISOSAFE2.5MG,STRIPOF10TABLETS
1142,Bisosafe 5MG - Strip of 10 Tablets,BISOSAFE5MG,STRIPOF10TABLETS
1155,Bizfer-XT- Strip of 10 Tablets,BIZFERXT,STRIPOF10TABLETS
1166,Bladmir 50 - Strip of 10 Tablets,BLADMIR50,STRIPOF10TABLETS
1167,Bladmir S 50 - Strip of 1 Combikit Tablets,BLADMIRS50,STRIPOF1COMBIKITTABLETS
1167,Bladmir S 50 - Strip of 1 Combikit Tablets,BLADMIRS50,STRIPOF1COMBIKITTABLETS
1168,Bladmir-25 - Strip of 10 Tablets,BLADMIR25,STRIPOF10TABLETS
1170,Bladmir-S 50 - Strip of 10 Tablets,BLADMIRS50,STRIPOF10TABLETS
1170,Bladmir-S 50 - Strip of 10 Tablets,BLADMIRS50,STRIPOF10TABLETS
1172,B-Last - Strip of 10 Tablets,BLAST,STRIPOF10TABLETS
1177,Blieu Softgel - Strip of 10 Capsules,BLIEUSOFTGEL,STRIPOF10CAPSULES
1177,Blieu Softgel - Strip of 10 Capsules,BLIEUSOFTGEL,STRIPOF10CAPSULES
1178,Blise - Tube of 100 G Face Wash Gel,BLISE,TUBEOF100GFACEWASHGEL
1181,Blisto - 2 - Strip of 10 Tablets,BLISTO2,STRIPOF10TABLETS
1182,Blisto - 4 - Strip of 10 Tablets,BLISTO4,STRIPOF10TABLETS
1183,Blisto Trio 1 - Strip of 10 Tablets,BLISTOTRIO1,STRIPOF10TABLETS
1184,Blisto Trio 2 - Strip of 10 Tablets,BLISTOTRIO2,STRIPOF10TABLETS
1185,Blisto-1 - Strip of 10 Tablets,BLISTO1,STRIPOF10TABLETS
1186,Blisto-1MF - Strip of 10 Tablets,BLISTO1MF,STRIPOF10TABLETS
1186,Blisto-1MF - Strip of 10 Tablets,BLISTO1MF,STRIPOF10TABLETS
1187,Blisto-2 MF - Strip of 10 Tablets,BLISTO2MF,STRIPOF10TABLETS
1187,Blisto-2 MF - Strip of 10 Tablets,BLISTO2MF,STRIPOF10TABLETS
1188,Blisto-4 MF - Strip of 10 Tablets,BLISTO4MF,STRIPOF10TABLETS
1188,Blisto-4 MF - Strip of 10 Tablets,BLISTO4MF,STRIPOF10TABLETS
1196,B-LONG F - Strip of 30 Tablets,BLONGF,STRIPOF30TABLETS
1196,B-LONG F - Strip of 30 Tablets,BLONGF,STRIPOF30TABLETS
1209,Bludrox 250 DT - Strip of 10 Tablets,BLUDROX250DT,STRIPOF10TABLETS
1210,Bludrox 500 mg - Strip of 10 Tablets,BLUDROX500MG,STRIPOF10TABLETS
1215,Blumox 250 DT- Strip of 15 Tablets,BLUMOX250DT,STRIPOF15TABLETS
1217,Blumox CA 375 mg - Strip of 10 Tablets,BLUMOXCA375MG,STRIPOF10TABLETS
1218,Blumox CA 625 mg- Strip of 10 Tablets,BLUMOXCA625MG,STRIPOF10TABLETS
1219,BLUMOX CA 625mg - Strip of 6 Tablets,BLUMOXCA625MG,STRIPOF6TABLETS
1220,Blumox-500 - Strip of 10 Capsules,BLUMOX500,STRIPOF10CAPSULES
1220,Blumox-500 - Strip of 10 Capsules,BLUMOX500,STRIPOF10CAPSULES
1221,Blumox-500 - Strip of 15 Capsules,BLUMOX500,STRIPOF15CAPSULES
1221,Blumox-500 - Strip of 15 Capsules,BLUMOX500,STRIPOF15CAPSULES
1223,Blumox-Plus - Strip of 10 Capsules,BLUMOXPLUS,STRIPOF10CAPSULES
1224,Blumox-Plus - Strip of 15 Capsules,BLUMOXPLUS,STRIPOF15CAPSULES
1246,Bon K2 HD - Strip of 10 Tablets,BONK2HD,STRIPOF10TABLETS
1246,Bon K2 HD - Strip of 10 Tablets,BONK2HD,STRIPOF10TABLETS
1256,Bone C Plus - Strip of 15 Capsules,BONECPLUS,STRIPOF15CAPSULES
1256,Bone C Plus - Strip of 15 Capsules,BONECPLUS,STRIPOF15CAPSULES
1258,BONE K2 - Strip of 10 Tablets,BONEK2,STRIPOF10TABLETS
1258,BONE K2 - Strip of 10 Tablets,BONEK2,STRIPOF10TABLETS
1259,Bonebase - Strip of 10 Capsules,BONEBASE,STRIPOF10CAPSULES
1260,Bonebase - Strip of 10 Capsules,BONEBASE,STRIPOF10CAPSULES
1261,BONEBASE F 40 - Strip of 10 Capsules,BONEBASEF40,STRIPOF10CAPSULES
1262,Bonebase F-40 - Strip of 10 Capsules,BONEBASEF40,STRIPOF10CAPSULES
1265,Bonebase Plus - Strip of 15 Capsules,BONEBASEPLUS,STRIPOF15CAPSULES
1266,Bonebase-D3 - Strip of 15 Tablets,BONEBASED3,STRIPOF15TABLETS
1267,Bone-C Plus - Strip of 15 Capsules,BONECPLUS,STRIPOF15CAPSULES
1267,Bone-C Plus - Strip of 15 Capsules,BONECPLUS,STRIPOF15CAPSULES
1279,Bonestat - Strip of 15 Capsules,BONESTAT,STRIPOF15CAPSULES
1287,Bonfast - Strip of 10 Capsules,BONFAST,STRIPOF10CAPSULES
1289,Bonheal 750 - Strip of 10 Capsules,BONHEAL750,STRIPOF10CAPSULES
1302,Bon-K2 - Strip of 10 Tablets,BONK2,STRIPOF10TABLETS
1302,Bon-K2 - Strip of 10 Tablets,BONK2,STRIPOF10TABLETS
1305,Bonmax D3 - Strip of 4 Capsules,BONMAXD3,STRIPOF4CAPSULES
1310,Bonnisan - Bottle of 200 ml Syrup,BONNISAN,BOTTLEOF200MLSYRUP
1349,Bosentas 125 - Strip of 10 Tablets,BOSENTAS125,STRIPOF10TABLETS
1350,Bosentas 125 - Strip of 10 Tablets,BOSENTAS125,STRIPOF10TABLETS
1351,Bosentas 62.5 - Strip of 10 Tablets,BOSENTAS62.5,STRIPOF10TABLETS
1353,BOSS - Bottle of 200ml Syrup,BOSS,BOTTLEOF200MLSYRUP
1353,BOSS - Bottle of 200ml Syrup,BOSS,BOTTLEOF200MLSYRUP
1353,BOSS - Bottle of 200ml Syrup,BOSS,BOTTLEOF200MLSYRUP
1353,BOSS - Bottle of 200ml Syrup,BOSS,BOTTLEOF200MLSYRUP
1353,BOSS - Bottle of 200ml Syrup,BOSS,BOTTLEOF200MLSYRUP
1354,Boss - Pack of 200g Powder,BOSS,PACKOF200GPOWDER
1354,Boss - Pack of 200g Powder,BOSS,PACKOF200GPOWDER
1354,Boss - Pack of 200g Powder,BOSS,PACKOF200GPOWDER
1354,Boss - Pack of 200g Powder,BOSS,PACKOF200GPOWDER
1354,Boss - Pack of 200g Powder,BOSS,PACKOF200GPOWDER
1359,Botropase - Ampoule of 1 ml Injection,BOTROPASE,AMPOULEOF1MLINJECTION
1359,Botropase - Ampoule of 1 ml Injection,BOTROPASE,AMPOULEOF1MLINJECTION
1360,Botropase - Ampoule of 5x1ml Injection,BOTROPASE,AMPOULEOF5X1MLINJECTION
1360,Botropase - Ampoule of 5x1ml Injection,BOTROPASE,AMPOULEOF5X1MLINJECTION
1361,Botropase - Ampule of 2ml Injection,BOTROPASE,AMPULEOF2MLINJECTION
1361,Botropase - Ampule of 2ml Injection,BOTROPASE,AMPULEOF2MLINJECTION
1395,Braingis - Strip of 10 Tablets,BRAINGIS,STRIPOF10TABLETS
1396,Brainiest - Bottle of 150 ml Syrup,BRAINIEST,BOTTLEOF150MLSYRUP
1396,Brainiest - Bottle of 150 ml Syrup,BRAINIEST,BOTTLEOF150MLSYRUP
1397,BRAINIEST-IQ - Strip of 10 Tablets,BRAINIESTIQ,STRIPOF10TABLETS
1401,Brakke - Strip of 10 Tablets,BRAKKE,STRIPOF10TABLETS
1402,Bravia 20 - Strip of 10 Tablets,BRAVIA20,STRIPOF10TABLETS
1403,BRAVIA -D - Strip of 10 Tablets,BRAVIAD,STRIPOF10TABLETS
1404,Bravia DSR - Strip of 10 Capsules,BRAVIADSR,STRIPOF10CAPSULES
1405,BRAVIA LS - Strip of 10 Capsules,BRAVIALS,STRIPOF10CAPSULES
1406,Bravia-IT - Strip of 10 Capsules,BRAVIAIT,STRIPOF10CAPSULES
1411,Breakfix - Strip of 15 Tablets,BREAKFIX,STRIPOF15TABLETS
1416,Bresol - Bottle of 10 Ml Nose Solution,BRESOL,BOTTLEOF10MLNOSESOLUTION
1417,Bresol - Bottle of 100 ml Syrup,BRESOL,BOTTLEOF100MLSYRUP
1418,Bresol - Bottle of 200 Ml Syrup,BRESOL,BOTTLEOF200MLSYRUP
1419,Bresol - Bottle of 60 Tablets,BRESOL,BOTTLEOF60TABLETS
1426,BREVOXYL - Tube of 20 gm Cream,BREVOXYL,TUBEOF20GMCREAM
1427,Brevoxyl - Tube of 50 gm Cleanser,BREVOXYL,TUBEOF50GMCLEANSER
1433,Bricarex LS - Bottle of 100 ml Expectorant,BRICAREXLS,BOTTLEOF100MLEXPECTORANT
1436,Bricarex-DX Junior - Bottle of 100ml Syrup,BRICAREXDXJUNIOR,BOTTLEOF100MLSYRUP
1438,BRICET 100 - Strip of 10 Tablets,BRICET100,STRIPOF10TABLETS
1446,Brigrel - Strip of 10 Tablets,BRIGREL,STRIPOF10TABLETS
1446,Brigrel - Strip of 10 Tablets,BRIGREL,STRIPOF10TABLETS
1451,Brilinta 60mg - Strip of 14 Tablets,BRILINTA60MG,STRIPOF14TABLETS
1452,Brilinta 90 - Bottle of 180 Tablets,BRILINTA90,BOTTLEOF180TABLETS
1453,Brilinta 90 mg - Strip of 14 Tablets,BRILINTA90MG,STRIPOF14TABLETS
1477,Brintellix 10 Mg - Strip of 10 Tablets,BRINTELLIX10MG,STRIPOF10TABLETS
1477,Brintellix 10 Mg - Strip of 10 Tablets,BRINTELLIX10MG,STRIPOF10TABLETS
1478,Brintellix 20 Mg - Strip of 10 Tablets,BRINTELLIX20MG,STRIPOF10TABLETS
1478,Brintellix 20 Mg - Strip of 10 Tablets,BRINTELLIX20MG,STRIPOF10TABLETS
1479,Brintellix 5 Mg - Strip of 10 Tablets,BRINTELLIX5MG,STRIPOF10TABLETS
1512,BRITE - Bottle of 10 ml Eye Drops,BRITE,BOTTLEOF10MLEYEDROPS
1512,BRITE - Bottle of 10 ml Eye Drops,BRITE,BOTTLEOF10MLEYEDROPS
1513,Brite - Tube of 20g Cream,BRITE,TUBEOF20GCREAM
1513,Brite - Tube of 20g Cream,BRITE,TUBEOF20GCREAM
1514,Brite Lite - Tube of 20g Cream,BRITELITE,TUBEOF20GCREAM
1546,Brivajoy 100 - Strip of 14 Tablets,BRIVAJOY100,STRIPOF14TABLETS
1547,BRIVAJOY 50 - Strip of 14 Tablets,BRIVAJOY50,STRIPOF14TABLETS
1547,BRIVAJOY 50 - Strip of 14 Tablets,BRIVAJOY50,STRIPOF14TABLETS
1548,BRIVAJOY 75 - Strip of 14 Tablets,BRIVAJOY75,STRIPOF14TABLETS
1548,BRIVAJOY 75 - Strip of 14 Tablets,BRIVAJOY75,STRIPOF14TABLETS
1556,BRIVASURE-25 - Strip of 10 Tablets,BRIVASURE25,STRIPOF10TABLETS
1557,BRIVASURE-50 - Strip of 10 Tablets,BRIVASURE50,STRIPOF10TABLETS
1558,BRIVASURE-75 - Strip of 10 Tablets,BRIVASURE75,STRIPOF10TABLETS
1561,Brivazen - Bottle of 100ml Oral Solution,BRIVAZEN,BOTTLEOF100MLORALSOLUTION
1567,Brivepsy 100 - Strip of 14 Tablets,BRIVEPSY100,STRIPOF14TABLETS
1568,BRIVEPSY 50 - Strip of 14 Tablets,BRIVEPSY50,STRIPOF14TABLETS
1569,Brivetoin 100 - Strip of 10 Tablets,BRIVETOIN100,STRIPOF10TABLETS
1570,Brivetoin 25 - Strip of 10 Tablets,BRIVETOIN25,STRIPOF10TABLETS
1571,Brivetoin 50 - Strip of 10 Tablets,BRIVETOIN50,STRIPOF10TABLETS
1572,Brivetoin 75 - Strip of 10 Tablets,BRIVETOIN75,STRIPOF10TABLETS
1576,BRIVGARD 50 - Strip of 10 Tablets,BRIVGARD50,STRIPOF10TABLETS
1578,Briviact 100mg - Strip of 14 Tablets,BRIVIACT100MG,STRIPOF14TABLETS
1579,Briviact 50mg - Strip of 14 Tablets,BRIVIACT50MG,STRIPOF14TABLETS
1579,Briviact 50mg - Strip of 14 Tablets,BRIVIACT50MG,STRIPOF14TABLETS
1580,Briviact 75mg - Strip of 14 Tablets,BRIVIACT75MG,STRIPOF14TABLETS
1580,Briviact 75mg - Strip of 14 Tablets,BRIVIACT75MG,STRIPOF14TABLETS
1588,Bro Zedex LS - Bottle of 100 ml Syrup,BROZEDEXLS,BOTTLEOF100MLSYRUP
1588,Bro Zedex LS - Bottle of 100 ml Syrup,BROZEDEXLS,BOTTLEOF100MLSYRUP
1588,Bro Zedex LS - Bottle of 100 ml Syrup,BROZEDEXLS,BOTTLEOF100MLSYRUP
1590,Broclear - Strip of 10 Tablets,BROCLEAR,STRIPOF10TABLETS
1590,Broclear - Strip of 10 Tablets,BROCLEAR,STRIPOF10TABLETS
1618,Brophyle N - Strip of 10 Tablets,BROPHYLEN,STRIPOF10TABLETS
1618,Brophyle N - Strip of 10 Tablets,BROPHYLEN,STRIPOF10TABLETS
1618,Brophyle N - Strip of 10 Tablets,BROPHYLEN,STRIPOF10TABLETS
1624,Bro-Zedex - Bottle of 100 ml Syrup,BROZEDEX,BOTTLEOF100MLSYRUP
1624,Bro-Zedex - Bottle of 100 ml Syrup,BROZEDEX,BOTTLEOF100MLSYRUP
1625,Brozedex LS - Bottle of 100ml Expectorant,BROZEDEXLS,BOTTLEOF100MLEXPECTORANT
1625,Brozedex LS - Bottle of 100ml Expectorant,BROZEDEXLS,BOTTLEOF100MLEXPECTORANT
1625,Brozedex LS - Bottle of 100ml Expectorant,BROZEDEXLS,BOTTLEOF100MLEXPECTORANT
1626,Brozedex LS - Bottle of 100ml Expectorant,BROZEDEXLS,BOTTLEOF100MLEXPECTORANT
1626,Brozedex LS - Bottle of 100ml Expectorant,BROZEDEXLS,BOTTLEOF100MLEXPECTORANT
1626,Brozedex LS - Bottle of 100ml Expectorant,BROZEDEXLS,BOTTLEOF100MLEXPECTORANT
1627,Bro-zedex LS - Bottle of 60 ml Syrup,BROZEDEXLS,BOTTLEOF60MLSYRUP
1627,Bro-zedex LS - Bottle of 60 ml Syrup,BROZEDEXLS,BOTTLEOF60MLSYRUP
1627,Bro-zedex LS - Bottle of 60 ml Syrup,BROZEDEXLS,BOTTLEOF60MLSYRUP
1630,Bro-zedex SF - Bottle of 100 ml Syrup,BROZEDEXSF,BOTTLEOF100MLSYRUP
1630,Bro-zedex SF - Bottle of 100 ml Syrup,BROZEDEXSF,BOTTLEOF100MLSYRUP
1630,Bro-zedex SF - Bottle of 100 ml Syrup,BROZEDEXSF,BOTTLEOF100MLSYRUP
1635,Brozeet-LS - Bottle of 100 ml Syrup,BROZEETLS,BOTTLEOF100MLSYRUP
1635,Brozeet-LS - Bottle of 100 ml Syrup,BROZEETLS,BOTTLEOF100MLSYRUP
1636,Brozeet-Ls - Bottle of 15 ml Drops,BROZEETLS,BOTTLEOF15MLDROPS
1636,Brozeet-Ls - Bottle of 15 ml Drops,BROZEETLS,BOTTLEOF15MLDROPS
1639,Brufen 200 - Strip of 15 Tablets,BRUFEN200,STRIPOF15TABLETS
1640,Brufen 400 - Strip of 15 Tablets,BRUFEN400,STRIPOF15TABLETS
1641,Brufen 600 - Strip of 15 Tablets,BRUFEN600,STRIPOF15TABLETS
1658,Brutal - Bottle of 10ml Suspension,BRUTAL,BOTTLEOF10MLSUSPENSION
1669,BTN - Strip of 10 Tablets,BTN,STRIPOF10TABLETS
1670,BTN Forte - Strip of 10 Tablets,BTNFORTE,STRIPOF10TABLETS
1671,BTN Ultra - Strip of 10 Tablets,BTNULTRA,STRIPOF10TABLETS
1672,BTN Ultra - Strip of 30 Tablets,BTNULTRA,STRIPOF30TABLETS
1685,Budamate Forte - Bottle of 30 Capsules,BUDAMATEFORTE,BOTTLEOF30CAPSULES
1698,Budate Forte Transpule - Bottle of 2 ml Suspension,BUDATEFORTETRANSPULE,BOTTLEOF2MLSUSPENSION
1718,Budetrol 100 - Pack of 120 Metered Doses Inhaler,BUDETROL100,PACKOF120METEREDDOSESINHALER
1718,Budetrol 100 - Pack of 120 Metered Doses Inhaler,BUDETROL100,PACKOF120METEREDDOSESINHALER
1718,Budetrol 100 - Pack of 120 Metered Doses Inhaler,BUDETROL100,PACKOF120METEREDDOSESINHALER
1719,Budetrol 100mg - Strip of 30 Rotacaps,BUDETROL100MG,STRIPOF30ROTACAPS
1720,Budetrol 100mg - Strip of 30 Rotacaps,BUDETROL100MG,STRIPOF30ROTACAPS
1721,Budetrol 200 - Bottle of 30 Capsules,BUDETROL200,BOTTLEOF30CAPSULES
1721,Budetrol 200 - Bottle of 30 Capsules,BUDETROL200,BOTTLEOF30CAPSULES
1721,Budetrol 200 - Bottle of 30 Capsules,BUDETROL200,BOTTLEOF30CAPSULES
1722,Budetrol 200 - Bottle of 7.2gm 120 Metered Actuations,BUDETROL200,BOTTLEOF7.2GM120METEREDACTUATIONS
1722,Budetrol 200 - Bottle of 7.2gm 120 Metered Actuations,BUDETROL200,BOTTLEOF7.2GM120METEREDACTUATIONS
1722,Budetrol 200 - Bottle of 7.2gm 120 Metered Actuations,BUDETROL200,BOTTLEOF7.2GM120METEREDACTUATIONS
1723,Budetrol 400 - Bottle of 30 Capsules,BUDETROL400,BOTTLEOF30CAPSULES
1723,Budetrol 400 - Bottle of 30 Capsules,BUDETROL400,BOTTLEOF30CAPSULES
1723,Budetrol 400 - Bottle of 30 Capsules,BUDETROL400,BOTTLEOF30CAPSULES
1729,Bularid - Strip of 10 Tablets,BULARID,STRIPOF10TABLETS
1740,Bupron XL 150 - Strip of 10 Tablets,BUPRONXL150,STRIPOF10TABLETS
1745,Burnheal - Tube of 15gm Cream,BURNHEAL,TUBEOF15GMCREAM
1754,Buscogast - Ampule of 1 ml Injection,BUSCOGAST,AMPULEOF1MLINJECTION
1754,Buscogast - Ampule of 1 ml Injection,BUSCOGAST,AMPULEOF1MLINJECTION
1755,Buscogast - Strip of 10 Tablets,BUSCOGAST,STRIPOF10TABLETS
1755,Buscogast - Strip of 10 Tablets,BUSCOGAST,STRIPOF10TABLETS
1762,BUTA PROXYVAN - Tube of 30g Gel,BUTAPROXYVAN,TUBEOF30GGEL
1764,Buta-Proxyvon - Strip of 10 Capsules,BUTAPROXYVON,STRIPOF10CAPSULES
1765,Butaproxyvon SP - Strip of 10 Tablets,BUTAPROXYVONSP,STRIPOF10TABLETS
1765,Butaproxyvon SP - Strip of 10 Tablets,BUTAPROXYVONSP,STRIPOF10TABLETS
1772,Buxoric 40 - Strip of 10 Tablets,BUXORIC40,STRIPOF10TABLETS
1773,Buxoric 80 - Strip of 10 Tablets,BUXORIC80,STRIPOF10TABLETS
