,Unnamed: 0,Product_Desc,First_part,Type,ED_MDM_Product_Code
0,0,B 29 AQ INJECTION 1ML,B29AQ,INJECTION1ML,ED000009210
1,1,B 29 DAILY TABLETS 10^S,B29DAILY,STRIPOF10TABLETS,ED000009211
2,2,B 29 DAILY TABLETS 15^S,B29DAILY,TABLETSStripof15,ED000159822
126,126,B-BACT OINTMENT 10GM,BBACT,OINTMENT10GM,ED000009334
127,127,B-BACT OINTMENT 5GM,BBACT,OINTMENT5GM,ED000009335
128,128,B-BACT OINTMENT 15GM,BBACT,OINTMENT15GM,ED000142067
126,126,B-BACT OINTMENT 10GM,BBACT,OINTMENT10GM,ED000009334
127,127,B-BACT OINTMENT 5GM,BBACT,OINTMENT5GM,ED000009335
128,128,B-BACT OINTMENT 15GM,BBACT,OINTMENT15GM,ED000142067
6,6,B 29 SYRUP 200ML,B29,SYRUP200ML,ED000009219
7,7,B 29 TABLETS (NEW) 10^S,B29,TABLETS(NEW)Stripof10,ED000009220
6,6,B 29 SYRUP 200ML,B29,SYRUP200ML,ED000009219
7,7,B 29 TABLETS (NEW) 10^S,B29,TABLETS(NEW)Stripof10,ED000009220
1,1,B 29 DAILY TABLETS 10^S,B29DAILY,STRIPOF10TABLETS,ED000009211
2,2,B 29 DAILY TABLETS 15^S,B29DAILY,TABLETSStripof15,ED000159822
3,3,B 29 GOLD TABLETS 10 .S,B29GOLD,TABLETS10.S,ED000009215
4,4,B 29 LC TABLETS 10^S,B29LC,STRIPOF10TABLETS,ED000009218
5,5,B 29 MAX CAPSULES 10^S,B29MAX,STRIPOF10CAPSULES,ED000157872
16,16,B4 NAPPI CREAM 75GM,B4NAPPI,CREAM75GM,ED000009361
39,39,BACSTOL 200 TABLETS 10^S,BACSTOL200,STRIPOF10TABLETS,ED000009490
40,40,BACSTOL 100 TABLETS 10^S,BACSTOL100,STRIPOF10TABLETS,ED000009492
39,39,BACSTOL 200 TABLETS 10^S,BACSTOL200,STRIPOF10TABLETS,ED000009490
40,40,BACSTOL 100 TABLETS 10^S,BACSTOL100,STRIPOF10TABLETS,ED000009492
48,48,BACTIV CAPSULES 10^S,BACTIV,STRIPOF10CAPSULES,ED000009539
48,48,BACTIV CAPSULES 10^S,BACTIV,STRIPOF10CAPSULES,ED000009539
48,48,BACTIV CAPSULES 10^S,BACTIV,STRIPOF10CAPSULES,ED000009539
52,52,BACTOCLAV DROPS 12% 10ML,BACTOCLAV,DROPS12%10ML,ED000009557
54,54,BACTOCLAV DT TABLETS 10^S,BACTOCLAVDT,STRIPOF10TABLETS,ED000009549
52,52,BACTOCLAV DROPS 12% 10ML,BACTOCLAV,DROPS12%10ML,ED000009557
54,54,BACTOCLAV DT TABLETS 10^S,BACTOCLAVDT,STRIPOF10TABLETS,ED000009549
52,52,BACTOCLAV DROPS 12% 10ML,BACTOCLAV,DROPS12%10ML,ED000009557
54,54,BACTOCLAV DT TABLETS 10^S,BACTOCLAVDT,STRIPOF10TABLETS,ED000009549
56,56,BACTOCLAV1000 TABLETS 4S,BACTOCLAV1000,TABLETS4S,ED000009558
49,49,BACTOCLAV 375 TABLETS 10^S,BACTOCLAV375,STRIPOF10TABLETS,ED000009551
52,52,BACTOCLAV DROPS 12% 10ML,BACTOCLAV,DROPS12%10ML,ED000009557
54,54,BACTOCLAV DT TABLETS 10^S,BACTOCLAVDT,STRIPOF10TABLETS,ED000009549
51,51,BACTOCLAV 625 TABLETS 10^S,BACTOCLAV625,STRIPOF10TABLETS,ED000009555
57,57,BACTOGARD 200 TABLETS 10S,BACTOGARD200,STRIPOF10TABLETS,ED000009569
57,57,BACTOGARD 200 TABLETS 10S,BACTOGARD200,STRIPOF10TABLETS,ED000009569
59,59,BACTOGARD CV 200 TABLETS 10S,BACTOGARDCV200,STRIPOF10TABLETS,ED000009573
61,61,BACTOMIN 375 MG TABLETS 1*10T,BACTOMIN375MG,TABLETS1*10T,ED000009578
62,62,BACTOMIN 750 MG TABLETS 1*6T,BACTOMIN750MG,TABLETS1*6T,ED000009579
79,79,BALVIBE TABLETS,BALVIBE,TABLETS,ED000009659
81,81,BANATAN CREAM 50GM,BANATAN,CREAM50GM,ED000009681
81,81,BANATAN CREAM 50GM,BANATAN,CREAM50GM,ED000009681
94,94,BANDY TABLETS 1^S,BANDY,TABLETSStripof1,ED000009687
94,94,BANDY TABLETS 1^S,BANDY,TABLETSStripof1,ED000009687
94,94,BANDY TABLETS 1^S,BANDY,TABLETSStripof1,ED000009687
90,90,BANDY PLUS 12 TABLETS 1^S,BANDYPLUS12,TABLETSStripof1,ED000009689
92,92,BANDY PLUS TABLETS 1^S,BANDYPLUS,TABLETSStripof1,ED000009690
90,90,BANDY PLUS 12 TABLETS 1^S,BANDYPLUS12,TABLETSStripof1,ED000009689
92,92,BANDY PLUS TABLETS 1^S,BANDYPLUS,TABLETSStripof1,ED000009690
90,90,BANDY PLUS 12 TABLETS 1^S,BANDYPLUS12,TABLETSStripof1,ED000009689
92,92,BANDY PLUS TABLETS 1^S,BANDYPLUS,TABLETSStripof1,ED000009690
90,90,BANDY PLUS 12 TABLETS 1^S,BANDYPLUS12,TABLETSStripof1,ED000009689
90,90,BANDY PLUS 12 TABLETS 1^S,BANDYPLUS12,TABLETSStripof1,ED000009689
97,97,BANOCIDE TABLETS 10TABLETS,BANOCIDE,TABLETS,ED000009700
97,97,BANOCIDE TABLETS 10TABLETS,BANOCIDE,TABLETS,ED000009700
96,96,BANOCIDE FORTE 30S,BANOCIDEFORTE30S,,ED000009703
99,99,BANOFLAM FORTE 10S,BANOFLAMFORTE10S,,ED000144236
101,101,BARIKIND 4 TABLETS 14T,BARIKIND4,TABLETS14T,ED000158266
114,114,BASITON FORTE NEW 15S,BASITONFORTENEW15S,,ED000131928
119,119,BAYACE 100MG CAPSULES 10^S,BAYACE100MG,STRIPOF10CAPSULES,ED000009819
120,120,BAYCIP 250 TABLETS 10^S,BAYCIP250,STRIPOF10TABLETS,ED000009821
121,121,BAYCIP 500 TABLETS 10^S,BAYCIP500,STRIPOF10TABLETS,ED000009822
122,122,BAYCIP TZ TABLETS 10^S,BAYCIPTZ,STRIPOF10TABLETS,ED000009824
126,126,B-BACT OINTMENT 10GM,BBACT,OINTMENT10GM,ED000009334
127,127,B-BACT OINTMENT 5GM,BBACT,OINTMENT5GM,ED000009335
128,128,B-BACT OINTMENT 15GM,BBACT,OINTMENT15GM,ED000142067
146,146,BDIFF A GEL. 15GM,BDIFFA,GEL.15GM,ED000009853
151,151,BECADEXAMIN CAPSULES# 30^S,BECADEXAMIN,CAPSULES#Stripof30,ED000009872
152,152,BECADEXAMIN CAPSULES 30S,BECADEXAMIN,CAPSULES30S,ED000009872
153,153,BECELAC FORTZ CAPSULES 15^S,BECELACFORTZ,CAPSULESStripof15,ED000009885
153,153,BECELAC FORTZ CAPSULES 15^S,BECELACFORTZ,CAPSULESStripof15,ED000009885
154,154,BECELAC PB CAPSULES 10^S,BECELACPB,STRIPOF10CAPSULES,ED000009886
161,161,BECOMAX C FORTE CAPSULES 15S,BECOMAXCFORTE,CAPSULES15S,ED000110505
161,161,BECOMAX C FORTE CAPSULES 15S,BECOMAXCFORTE,CAPSULES15S,ED000110505
164,164,BECOSULES CAPSULES 20^S,BECOSULES,CAPSULESStripof20,ED000009979
170,170,BECOSULES Z CAPSULES 20,BECOSULESZ,CAPSULES20,ED000009987
164,164,BECOSULES CAPSULES 20^S,BECOSULES,CAPSULESStripof20,ED000009979
170,170,BECOSULES Z CAPSULES 20,BECOSULESZ,CAPSULES20,ED000009987
165,165,BECOSULES WOMEN CAPSULES 25^S,BECOSULESWOMEN,CAPSULESStripof25,ED000009981
164,164,BECOSULES CAPSULES 20^S,BECOSULES,CAPSULESStripof20,ED000009979
170,170,BECOSULES Z CAPSULES 20,BECOSULESZ,CAPSULES20,ED000009987
172,172,BECOZINC CAPSULES 20^S,BECOZINC,CAPSULESStripof20,ED000010001
173,173,BECOZINC CAPSULES 30^S,BECOZINC,CAPSULESStripof30,ED000010002
174,174,BECOZINC G CAPSULES 10^S,BECOZINCG,STRIPOF10CAPSULES,ED000010005
175,175,BECOZINC H SYRUP 200ML,BECOZINCH,SYRUP200ML,ED000010006
176,176,BECOZINC M TABLETS 10^S,BECOZINCM,STRIPOF10TABLETS,ED000160576
172,172,BECOZINC CAPSULES 20^S,BECOZINC,CAPSULESStripof20,ED000010001
173,173,BECOZINC CAPSULES 30^S,BECOZINC,CAPSULESStripof30,ED000010002
174,174,BECOZINC G CAPSULES 10^S,BECOZINCG,STRIPOF10CAPSULES,ED000010005
175,175,BECOZINC H SYRUP 200ML,BECOZINCH,SYRUP200ML,ED000010006
176,176,BECOZINC M TABLETS 10^S,BECOZINCM,STRIPOF10TABLETS,ED000160576
172,172,BECOZINC CAPSULES 20^S,BECOZINC,CAPSULESStripof20,ED000010001
173,173,BECOZINC CAPSULES 30^S,BECOZINC,CAPSULESStripof30,ED000010002
174,174,BECOZINC G CAPSULES 10^S,BECOZINCG,STRIPOF10CAPSULES,ED000010005
175,175,BECOZINC H SYRUP 200ML,BECOZINCH,SYRUP200ML,ED000010006
176,176,BECOZINC M TABLETS 10^S,BECOZINCM,STRIPOF10TABLETS,ED000160576
172,172,BECOZINC CAPSULES 20^S,BECOZINC,CAPSULESStripof20,ED000010001
173,173,BECOZINC CAPSULES 30^S,BECOZINC,CAPSULESStripof30,ED000010002
174,174,BECOZINC G CAPSULES 10^S,BECOZINCG,STRIPOF10CAPSULES,ED000010005
175,175,BECOZINC H SYRUP 200ML,BECOZINCH,SYRUP200ML,ED000010006
176,176,BECOZINC M TABLETS 10^S,BECOZINCM,STRIPOF10TABLETS,ED000160576
172,172,BECOZINC CAPSULES 20^S,BECOZINC,CAPSULESStripof20,ED000010001
173,173,BECOZINC CAPSULES 30^S,BECOZINC,CAPSULESStripof30,ED000010002
174,174,BECOZINC G CAPSULES 10^S,BECOZINCG,STRIPOF10CAPSULES,ED000010005
172,172,BECOZINC CAPSULES 20^S,BECOZINC,CAPSULESStripof20,ED000010001
173,173,BECOZINC CAPSULES 30^S,BECOZINC,CAPSULESStripof30,ED000010002
174,174,BECOZINC G CAPSULES 10^S,BECOZINCG,STRIPOF10CAPSULES,ED000010005
172,172,BECOZINC CAPSULES 20^S,BECOZINC,CAPSULESStripof20,ED000010001
173,173,BECOZINC CAPSULES 30^S,BECOZINC,CAPSULESStripof30,ED000010002
175,175,BECOZINC H SYRUP 200ML,BECOZINCH,SYRUP200ML,ED000010006
172,172,BECOZINC CAPSULES 20^S,BECOZINC,CAPSULESStripof20,ED000010001
173,173,BECOZINC CAPSULES 30^S,BECOZINC,CAPSULESStripof30,ED000010002
176,176,BECOZINC M TABLETS 10^S,BECOZINCM,STRIPOF10TABLETS,ED000160576
178,178,BECOZYM C FORTE* TABLETS 15S,BECOZYMCFORTE*,TABLETS15S,ED000010008
178,178,BECOZYM C FORTE* TABLETS 15S,BECOZYMCFORTE*,TABLETS15S,ED000010008
178,178,BECOZYM C FORTE* TABLETS 15S,BECOZYMCFORTE*,TABLETS15S,ED000010008
183,183,BEIPOS TABLETS 10T,BEIPOS,TABLETS10T,ED000010060
183,183,BEIPOS TABLETS 10T,BEIPOS,TABLETS10T,ED000010060
188,188,BELATIN SYRUP 60ML,BELATIN,SYRUP60ML,ED000149009
189,189,BELIC INJECTION 1*1,BELIC,INJECTION1*1,ED000010072
190,190,BELIC TABLETS 10^S,BELIC,STRIPOF10TABLETS,ED000010071
192,192,BELLYWELL M TABLETS 10^S,BELLYWELLM,STRIPOF10TABLETS,ED000149011
193,193,BELTAS TABLETS 10^S,BELTAS,STRIPOF10TABLETS,ED000115744
206,206,BENALGIS TABLETS          (4X10) 10 TABLETS,BENALGIS,TABLETS,ED000010130
205,205,BENALGIS FORTE 15C,BENALGISFORTE15C,,ED000110539
207,207,BENCID TABLETS 10^S,BENCID,STRIPOF10TABLETS,ED000010133
208,208,BENDEX 400 TABLETS 1TABLETS,BENDEX400,TABLETS,ED000010140
209,209,BENDEX PLUS TABLETS 1TABLETS,BENDEXPLUS,TABLETS,ED000010141
211,211,BENEFICIALE CAPSULES 15S,BENEFICIALE,CAPSULES15S,ED000010144
212,212,BENEFICIALE DROPS 15ML,BENEFICIALE,DROPS15ML,ED000010145
211,211,BENEFICIALE CAPSULES 15S,BENEFICIALE,CAPSULES15S,ED000010144
212,212,BENEFICIALE DROPS 15ML,BENEFICIALE,DROPS15ML,ED000010145
211,211,BENEFICIALE CAPSULES 15S,BENEFICIALE,CAPSULES15S,ED000010144
212,212,BENEFICIALE DROPS 15ML,BENEFICIALE,DROPS15ML,ED000010145
211,211,BENEFICIALE CAPSULES 15S,BENEFICIALE,CAPSULES15S,ED000010144
212,212,BENEFICIALE DROPS 15ML,BENEFICIALE,DROPS15ML,ED000010145
211,211,BENEFICIALE CAPSULES 15S,BENEFICIALE,CAPSULES15S,ED000010144
212,212,BENEFICIALE DROPS 15ML,BENEFICIALE,DROPS15ML,ED000010145
219,219,BENERIA GEL 30GM,BENERIA,GEL30GM,ED000130971
226,226,BENFOMET TABLETS 10^S,BENFOMET,STRIPOF10TABLETS,ED000010165
224,224,BENFOMET FORTE TABLETS 10^S,BENFOMETFORTE,STRIPOF10TABLETS,ED000010166
225,225,BENFOMET PLUS TABLETS 10^S,BENFOMETPLUS,STRIPOF10TABLETS,ED000010167
227,227,BENFOSULES CAPSULES 10:S,BENFOSULES,CAPSULES10:S,
231,231,BENGREAT 4MG TABLETS 3*10^S,BENGREAT4MG,TABLETS3*Stripof10,ED000010180
232,232,BENGREAT 8MG TABLETS 3*10^S,BENGREAT8MG,TABLETS3*Stripof10,ED000010181
231,231,BENGREAT 4MG TABLETS 3*10^S,BENGREAT4MG,TABLETS3*Stripof10,ED000010180
232,232,BENGREAT 8MG TABLETS 3*10^S,BENGREAT8MG,TABLETS3*Stripof10,ED000010181
234,234,BENIBUZ 8 TABLETS 10*10,BENIBUZ8,TABLETS10*10,ED000010183
239,239,BENIDUCE 4 TABLETS 10.S,BENIDUCE4,TABLETS10.S,ED000010210
240,240,BENIDUCE 8 TABLETS 10.S,BENIDUCE8,TABLETS10.S,ED000010211
250,250,BENITOWA 4 TABLETS 15T,BENITOWA4,TABLETS15T,ED000161218
250,250,BENITOWA 4 TABLETS 15T,BENITOWA4,TABLETS15T,ED000161218
250,250,BENITOWA 4 TABLETS 15T,BENITOWA4,TABLETS15T,ED000161218
251,251,BENITOWA 8 TABLETS 10T,BENITOWA8,TABLETS10T,ED000010247
251,251,BENITOWA 8 TABLETS 10T,BENITOWA8,TABLETS10T,ED000010247
253,253,BENITOWA BETA 25 10T,BENITOWABETA2510T,,ED000010249
253,253,BENITOWA BETA 25 10T,BENITOWABETA2510T,,ED000010249
255,255,BENITOWA CH TABLETS 10T,BENITOWACH,TABLETS10T,ED000010251
257,257,BENITOWA TRIO TABLETS 1*10T,BENITOWATRIO,TABLETS1*10T,ED000010253
257,257,BENITOWA TRIO TABLETS 1*10T,BENITOWATRIO,TABLETS1*10T,ED000010253
255,255,BENITOWA CH TABLETS 10T,BENITOWACH,TABLETS10T,ED000010251
252,252,BENITOWA AT TABLETS 10^S,BENITOWAAT,STRIPOF10TABLETS,ED000010248
256,256,BENITOWA TM TABLETS 10^S,BENITOWATM,STRIPOF10TABLETS,ED000010252
259,259,BENLONG 4 TABLETS 10T,BENLONG4,TABLETS10T,ED000010257
260,260,BENLONG 4 TABLETS 10^S,BENLONG4,STRIPOF10TABLETS,ED000010257
261,261,BENLONG 8 TABLETS 10T,BENLONG8,TABLETS10T,
262,262,BENLONG 8 TABLETS 10^S,BENLONG8,STRIPOF10TABLETS,ED000010258
264,264,BENMEC CAPSULES. 10S,BENMEC,CAPSULES.10S,ED000010259
267,267,BENXOP 5 GEL 20GM,BENXOP5,GEL20GM,ED000010294
267,267,BENXOP 5 GEL 20GM,BENXOP5,GEL20GM,ED000010294
270,270,BENZAC AC 2.5% GEL 20GM,BENZACAC2.5%,GEL20GM,ED000010303
271,271,BENZAC AC 5% GEL 20GM,BENZACAC5%,GEL20GM,ED000010304
270,270,BENZAC AC 2.5% GEL 20GM,BENZACAC2.5%,GEL20GM,ED000010303
271,271,BENZAC AC 5% GEL 20GM,BENZACAC5%,GEL20GM,ED000010304
270,270,BENZAC AC 2.5% GEL 20GM,BENZACAC2.5%,GEL20GM,ED000010303
271,271,BENZAC AC 5% GEL 20GM,BENZACAC5%,GEL20GM,ED000010304
270,270,BENZAC AC 2.5% GEL 20GM,BENZACAC2.5%,GEL20GM,ED000010303
271,271,BENZAC AC 5% GEL 20GM,BENZACAC5%,GEL20GM,ED000010304
270,270,BENZAC AC 2.5% GEL 20GM,BENZACAC2.5%,GEL20GM,ED000010303
271,271,BENZAC AC 5% GEL 20GM,BENZACAC5%,GEL20GM,ED000010304
270,270,BENZAC AC 2.5% GEL 20GM,BENZACAC2.5%,GEL20GM,ED000010303
271,271,BENZAC AC 5% GEL 20GM,BENZACAC5%,GEL20GM,ED000010304
270,270,BENZAC AC 2.5% GEL 20GM,BENZACAC2.5%,GEL20GM,ED000010303
271,271,BENZAC AC 5% GEL 20GM,BENZACAC5%,GEL20GM,ED000010304
272,272,BENZADAF GEL 15GM,BENZADAF,GEL15GM,ED000010305
273,273,BENZER 2.5 GEL 20GM,BENZER2.5,GEL20GM,ED000010311
276,276,BENZONIX GEL WASH 50GM 50GM,BENZONIX,GELWASH50GM50GM,ED000129801
279,279,BENZONIX-5 GEL 20GM,BENZONIX5,GEL20GM,ED000010336
281,281,BEPLEX FORTE TABLETS 20S,BEPLEXFORTE,TABLETS20S,ED000010366
281,281,BEPLEX FORTE TABLETS 20S,BEPLEXFORTE,TABLETS20S,ED000010366
281,281,BEPLEX FORTE TABLETS 20S,BEPLEXFORTE,TABLETS20S,ED000010366
285,285,BEPLEX LZ TABLETS 10^S,BEPLEXLZ,STRIPOF10TABLETS,ED000010368
285,285,BEPLEX LZ TABLETS 10^S,BEPLEXLZ,STRIPOF10TABLETS,ED000010368
285,285,BEPLEX LZ TABLETS 10^S,BEPLEXLZ,STRIPOF10TABLETS,ED000010368
291,291,BEPOMAC  TABLETS 10.S,BEPOMAC,TABLETS10.S,ED000010381
295,295,BEPOZAL TABLETS# 10S,BEPOZAL,TABLETS#10S,ED000010383
296,296,BEPOZAL TABLETS 10^S,BEPOZAL,STRIPOF10TABLETS,ED000010383
297,297,BEPOZIC TABLETS 10T,BEPOZIC,TABLETS10T,ED000010384
298,298,BERBESHINE TABLETS 5% 10,BERBESHINE,TABLETS5%10,ED000010394
299,299,BERBESHINE TABLETS 10^S,BERBESHINE,STRIPOF10TABLETS,ED000010394
316,316,BESPRO POWDER (ELAICHI) 200GM,BESPRO,POWDER(ELAICHI)200GM,ED000121216
317,317,BESPRO POWDER CHOCO 200GM,BESPRO,POWDERCHOCO200GM,ED000110556
318,318,BESPRO POWDER(ICE)18% 200GM,BESPRO,POWDER(ICE)18%200GM,ED000121217
320,320,BESTACE CAPSULES 10^S,BESTACE,STRIPOF10CAPSULES,ED000110557
321,321,BESTACE CAPSULES 12% 10^S,BESTACE,CAPSULES12%Stripof10,ED000110557
322,322,BESTACE Q TABLETS 10^S,BESTACEQ,STRIPOF10TABLETS,ED000110558
320,320,BESTACE CAPSULES 10^S,BESTACE,STRIPOF10CAPSULES,ED000110557
321,321,BESTACE CAPSULES 12% 10^S,BESTACE,CAPSULES12%Stripof10,ED000110557
322,322,BESTACE Q TABLETS 10^S,BESTACEQ,STRIPOF10TABLETS,ED000110558
324,324,BESTFLOW D TABLETS 10T,BESTFLOWD,TABLETS10T,ED000010447
325,325,BESTFLOW TABLETS 10*10,BESTFLOW,TABLETS10*10,ED000010448
330,330,BESTOGESIC PLUS,BESTOGESICPLUS,,ED000010493
330,330,BESTOGESIC PLUS,BESTOGESICPLUS,,ED000010493
340,340,BESTOZYME CAPSULES 15^S,BESTOZYME,CAPSULESStripof15,ED000010535
341,341,BESTOZYME DROPS 15ML,BESTOZYME,DROPS15ML,
343,343,BESTOZYME SYRUP 200ML,BESTOZYME,SYRUP200ML,ED000010534
340,340,BESTOZYME CAPSULES 15^S,BESTOZYME,CAPSULESStripof15,ED000010535
341,341,BESTOZYME DROPS 15ML,BESTOZYME,DROPS15ML,
343,343,BESTOZYME SYRUP 200ML,BESTOZYME,SYRUP200ML,ED000010534
340,340,BESTOZYME CAPSULES 15^S,BESTOZYME,CAPSULESStripof15,ED000010535
341,341,BESTOZYME DROPS 15ML,BESTOZYME,DROPS15ML,
343,343,BESTOZYME SYRUP 200ML,BESTOZYME,SYRUP200ML,ED000010534
340,340,BESTOZYME CAPSULES 15^S,BESTOZYME,CAPSULESStripof15,ED000010535
341,341,BESTOZYME DROPS 15ML,BESTOZYME,DROPS15ML,
343,343,BESTOZYME SYRUP 200ML,BESTOZYME,SYRUP200ML,ED000010534
344,344,BETA ANXIT 20 TABLETS 10^S,BETAANXIT20,STRIPOF10TABLETS,ED000010548
365,365,BETACARD 25 TABLETS 14^S,BETACARD25,TABLETSStripof14,ED000010581
366,366,BETACARD 50 TABLETS 14^S,BETACARD50,TABLETSStripof14,ED000010583
365,365,BETACARD 25 TABLETS 14^S,BETACARD25,TABLETSStripof14,ED000010581
366,366,BETACARD 50 TABLETS 14^S,BETACARD50,TABLETSStripof14,ED000010583
367,367,BETACARD AM TABLETS 10^S,BETACARDAM,STRIPOF10TABLETS,ED000010585
368,368,BETACARD AM TABLETS 15S,BETACARDAM,TABLETS15S,ED000140773
367,367,BETACARD AM TABLETS 10^S,BETACARDAM,STRIPOF10TABLETS,ED000010585
368,368,BETACARD AM TABLETS 15S,BETACARDAM,TABLETS15S,ED000140773
367,367,BETACARD AM TABLETS 10^S,BETACARDAM,STRIPOF10TABLETS,ED000010585
368,368,BETACARD AM TABLETS 15S,BETACARDAM,TABLETS15S,ED000140773
383,383,BETADINE(POWDER)SPRINKLING 10GM,BETADINE(,POWDER)SPRINKLING10GM,ED000010632
369,369,BETADINE(10%)OINTMENT 20 GM,BETADINE(10%),OINTMENT20GM,ED000151895
371,371,BETADINE(10%)OINTMENT 15GM,BETADINE(10%),OINTMENT15GM,ED000010611
372,372,BETADINE(10%)OINTMENT 20GM,BETADINE(10%),OINTMENT20GM,ED000151895
369,369,BETADINE(10%)OINTMENT 20 GM,BETADINE(10%),OINTMENT20GM,ED000151895
371,371,BETADINE(10%)OINTMENT 15GM,BETADINE(10%),OINTMENT15GM,ED000010611
372,372,BETADINE(10%)OINTMENT 20GM,BETADINE(10%),OINTMENT20GM,ED000151895
375,375,BETADINE(5%)OINTMENT 25GM,BETADINE(5%),OINTMENT25GM,ED000010621
375,375,BETADINE(5%)OINTMENT 25GM,BETADINE(5%),OINTMENT25GM,ED000010621
375,375,BETADINE(5%)OINTMENT 25GM,BETADINE(5%),OINTMENT25GM,ED000010621
375,375,BETADINE(5%)OINTMENT 25GM,BETADINE(5%),OINTMENT25GM,ED000010621
403,403,BETAGLIM M1 TABLETS 10^S,BETAGLIMM1,STRIPOF10TABLETS,ED000010668
407,407,BETALOC 100 TABLETS 10^S,BETALOC100,STRIPOF10TABLETS,ED000010684
410,410,BETALOC 25,BETALOC25,,ED000010685
412,412,BETALOC 50 TABLETS 30T,BETALOC50,TABLETS30T,ED000010686
413,413,BETALOC 50 TABLETS 1*30,BETALOC50,TABLETS1*30,ED000010686
415,415,BETAMIL GM CREAM 25g,BETAMILGM,CREAM25g,ED000010698
416,416,BETAMIL M CREAM 20G,BETAMILM,CREAM20G,ED000010699
417,417,BETAMIL M CREAM 20GM,BETAMILM,CREAM20GM,ED000010699
415,415,BETAMIL GM CREAM 25g,BETAMILGM,CREAM25g,ED000010698
416,416,BETAMIL M CREAM 20G,BETAMILM,CREAM20G,ED000010699
417,417,BETAMIL M CREAM 20GM,BETAMILM,CREAM20GM,ED000010699
415,415,BETAMIL GM CREAM 25g,BETAMILGM,CREAM25g,ED000010698
416,416,BETAMIL M CREAM 20G,BETAMILM,CREAM20G,ED000010699
417,417,BETAMIL M CREAM 20GM,BETAMILM,CREAM20GM,ED000010699
415,415,BETAMIL GM CREAM 25g,BETAMILGM,CREAM25g,ED000010698
416,416,BETAMIL M CREAM 20G,BETAMILM,CREAM20G,ED000010699
417,417,BETAMIL M CREAM 20GM,BETAMILM,CREAM20GM,ED000010699
350,350,BETA NICARDIA CAPSULES 10^S,BETANICARDIA,STRIPOF10CAPSULES,ED000010557
429,429,BETATROP TABLETS 10S,BETATROP,STRIPOF10TABLETS,ED000010773
432,432,BETAVERT 8 TABLETS 10^S,BETAVERT8,STRIPOF10TABLETS,ED000010776
430,430,BETAVERT 16 TABLETS 10^S,BETAVERT16,STRIPOF10TABLETS,ED000010774
431,431,BETAVERT 24 TABLETS 10^S,BETAVERT24,STRIPOF10TABLETS,ED000010775
431,431,BETAVERT 24 TABLETS 10^S,BETAVERT24,STRIPOF10TABLETS,ED000010775
434,434,BETAVIT CAPSULES 10^S,BETAVIT,STRIPOF10CAPSULES,ED000010786
436,436,BETHADOXIN DROP 15ML,BETHADOXIN,DROP15ML,ED000130394
438,438,BETHADOXIN SG CAPSULES 10^S,BETHADOXINSG,STRIPOF10CAPSULES,ED000010804
437,437,BETHADOXIN JUNIOR SUSPENSION 100ML,BETHADOXINJUNIORSUSPENSION100ML,,ED000130395
436,436,BETHADOXIN DROP 15ML,BETHADOXIN,DROP15ML,ED000130394
438,438,BETHADOXIN SG CAPSULES 10^S,BETHADOXINSG,STRIPOF10CAPSULES,ED000010804
444,444,BETNESOL INJECTION 10*8*1ML,BETNESOL,INJECTION10*8*1ML,ED000010817
447,447,BETNESOL TABLETS 20S,BETNESOL,TABLETS20S,ED000010816
444,444,BETNESOL INJECTION 10*8*1ML,BETNESOL,INJECTION10*8*1ML,ED000010817
447,447,BETNESOL TABLETS 20S,BETNESOL,TABLETS20S,ED000010816
444,444,BETNESOL INJECTION 10*8*1ML,BETNESOL,INJECTION10*8*1ML,ED000010817
447,447,BETNESOL TABLETS 20S,BETNESOL,TABLETS20S,ED000010816
444,444,BETNESOL INJECTION 10*8*1ML,BETNESOL,INJECTION10*8*1ML,ED000010817
447,447,BETNESOL TABLETS 20S,BETNESOL,TABLETS20S,ED000010816
444,444,BETNESOL INJECTION 10*8*1ML,BETNESOL,INJECTION10*8*1ML,ED000010817
447,447,BETNESOL TABLETS 20S,BETNESOL,TABLETS20S,ED000010816
443,443,BETNESOL FORTE TABLETS 20S,BETNESOLFORTE,TABLETS20S,ED000010819
444,444,BETNESOL INJECTION 10*8*1ML,BETNESOL,INJECTION10*8*1ML,ED000010817
447,447,BETNESOL TABLETS 20S,BETNESOL,TABLETS20S,ED000010816
448,448,BETNOVATE C CREAM# 30G,BETNOVATEC,CREAM#30G,ED000010829
450,450,BETNOVATE GM CREAM 20GM,BETNOVATEGM,CREAM20GM,ED000010830
451,451,BETNOVATE N CREAM# 20GM,BETNOVATEN,CREAM#20GM,ED000010832
454,454,BETNOVATE S CREAM 20GM,BETNOVATES,CREAM20GM,ED000010834
448,448,BETNOVATE C CREAM# 30G,BETNOVATEC,CREAM#30G,ED000010829
451,451,BETNOVATE N CREAM# 20GM,BETNOVATEN,CREAM#20GM,ED000010832
454,454,BETNOVATE S CREAM 20GM,BETNOVATES,CREAM20GM,ED000010834
448,448,BETNOVATE C CREAM# 30G,BETNOVATEC,CREAM#30G,ED000010829
451,451,BETNOVATE N CREAM# 20GM,BETNOVATEN,CREAM#20GM,ED000010832
454,454,BETNOVATE S CREAM 20GM,BETNOVATES,CREAM20GM,ED000010834
450,450,BETNOVATE GM CREAM 20GM,BETNOVATEGM,CREAM20GM,ED000010830
448,448,BETNOVATE C CREAM# 30G,BETNOVATEC,CREAM#30G,ED000010829
451,451,BETNOVATE N CREAM# 20GM,BETNOVATEN,CREAM#20GM,ED000010832
454,454,BETNOVATE S CREAM 20GM,BETNOVATES,CREAM20GM,ED000010834
448,448,BETNOVATE C CREAM# 30G,BETNOVATEC,CREAM#30G,ED000010829
451,451,BETNOVATE N CREAM# 20GM,BETNOVATEN,CREAM#20GM,ED000010832
454,454,BETNOVATE S CREAM 20GM,BETNOVATES,CREAM20GM,ED000010834
460,460,BETONIN AST SYRUP 170ML,BETONINAST,SYRUP170ML,ED000010838
461,461,BETONIN AST SYRUP 400ML,BETONINAST,SYRUP400ML,ED000010839
462,462,BETONIN AST SYRUP $ 200ML,BETONINAST,SYRUP$200ML,ED000110574
463,463,BETONIN AST SYRUP 200ML.,BETONINAST,SYRUP200ML.,ED000110574
460,460,BETONIN AST SYRUP 170ML,BETONINAST,SYRUP170ML,ED000010838
461,461,BETONIN AST SYRUP 400ML,BETONINAST,SYRUP400ML,ED000010839
462,462,BETONIN AST SYRUP $ 200ML,BETONINAST,SYRUP$200ML,ED000110574
463,463,BETONIN AST SYRUP 200ML.,BETONINAST,SYRUP200ML.,ED000110574
460,460,BETONIN AST SYRUP 170ML,BETONINAST,SYRUP170ML,ED000010838
461,461,BETONIN AST SYRUP 400ML,BETONINAST,SYRUP400ML,ED000010839
462,462,BETONIN AST SYRUP $ 200ML,BETONINAST,SYRUP$200ML,ED000110574
463,463,BETONIN AST SYRUP 200ML.,BETONINAST,SYRUP200ML.,ED000110574
472,472,BEVON CAPSULES # 15^S,BEVON,CAPSULES#Stripof15,ED000010879
473,473,BEVON CAPSULES 15C,BEVON,CAPSULES15C,ED000010879
474,474,BEVON CAPSULES 1*15,BEVON,CAPSULES1*15,ED000010879
477,477,BEVON DROPS 15ML,BEVON,DROPS15ML,ED000010881
472,472,BEVON CAPSULES # 15^S,BEVON,CAPSULES#Stripof15,ED000010879
473,473,BEVON CAPSULES 15C,BEVON,CAPSULES15C,ED000010879
474,474,BEVON CAPSULES 1*15,BEVON,CAPSULES1*15,ED000010879
477,477,BEVON DROPS 15ML,BEVON,DROPS15ML,ED000010881
472,472,BEVON CAPSULES # 15^S,BEVON,CAPSULES#Stripof15,ED000010879
473,473,BEVON CAPSULES 15C,BEVON,CAPSULES15C,ED000010879
474,474,BEVON CAPSULES 1*15,BEVON,CAPSULES1*15,ED000010879
477,477,BEVON DROPS 15ML,BEVON,DROPS15ML,ED000010881
472,472,BEVON CAPSULES # 15^S,BEVON,CAPSULES#Stripof15,ED000010879
473,473,BEVON CAPSULES 15C,BEVON,CAPSULES15C,ED000010879
474,474,BEVON CAPSULES 1*15,BEVON,CAPSULES1*15,ED000010879
477,477,BEVON DROPS 15ML,BEVON,DROPS15ML,ED000010881
475,475,BEVON CD CAPSULES 10^S,BEVONCD,STRIPOF10CAPSULES,ED000010880
476,476,BEVON CD CAPSULES # 10S,BEVONCD,CAPSULES#10S,ED000010880
485,485,BEXOL TABLETS # 10S,BEXOL,TABLETS#10S,ED000010892
486,486,BEXOL TABLETS %%%%              {5 10^S,BEXOL,TABLETS%%%%{5Stripof10,ED000010892
485,485,BEXOL TABLETS # 10S,BEXOL,TABLETS#10S,ED000010892
486,486,BEXOL TABLETS %%%%              {5 10^S,BEXOL,TABLETS%%%%{5Stripof10,ED000010892
482,482,BEXOL DT  TABLETS(D) 20^S,BEXOLDT,TABLETS(D)Stripof20,ED000119321
484,484,BEXOL DT TABLETS 1*50^S,BEXOLDT,TABLETS1*Stripof50,ED000010894
482,482,BEXOL DT  TABLETS(D) 20^S,BEXOLDT,TABLETS(D)Stripof20,ED000119321
484,484,BEXOL DT TABLETS 1*50^S,BEXOLDT,TABLETS1*Stripof50,ED000010894
8,8,B FIT CD TABLETS 10^S,BFITCD,STRIPOF10TABLETS,ED000009269
491,491,BGR 34 TABLETS 100^S,BGR34,STRIPOF10TABLETS0,ED000010914
492,492,BGR-34 TABLETS-30049011 100^S,BGR34,TABLETS30049011Stripof100,ED000010914
525,525,BIGCEF-250 TABLETS,BIGCEF250,TABLETS,ED000011024
504,504,BIDURET L TABLETS 10^S,BIDURETL,STRIPOF10TABLETS,ED000010992
504,504,BIDURET L TABLETS 10^S,BIDURETL,STRIPOF10TABLETS,ED000010992
507,507,BIFILAC CAPSULES 10^S,BIFILAC,STRIPOF10CAPSULES,ED000010996
508,508,BIFILAC CAPSULES 10,BIFILAC,CAPSULES10,ED000010996
507,507,BIFILAC CAPSULES 10^S,BIFILAC,STRIPOF10CAPSULES,ED000010996
508,508,BIFILAC CAPSULES 10,BIFILAC,CAPSULES10,ED000010996
507,507,BIFILAC CAPSULES 10^S,BIFILAC,STRIPOF10CAPSULES,ED000010996
508,508,BIFILAC CAPSULES 10,BIFILAC,CAPSULES10,ED000010996
507,507,BIFILAC CAPSULES 10^S,BIFILAC,STRIPOF10CAPSULES,ED000010996
508,508,BIFILAC CAPSULES 10,BIFILAC,CAPSULES10,ED000010996
507,507,BIFILAC CAPSULES 10^S,BIFILAC,STRIPOF10CAPSULES,ED000010996
508,508,BIFILAC CAPSULES 10,BIFILAC,CAPSULES10,ED000010996
507,507,BIFILAC CAPSULES 10^S,BIFILAC,STRIPOF10CAPSULES,ED000010996
508,508,BIFILAC CAPSULES 10,BIFILAC,CAPSULES10,ED000010996
510,510,BIFILAC GG CAPSULES 10^S,BIFILACGG,STRIPOF10CAPSULES,ED000115790
510,510,BIFILAC GG CAPSULES 10^S,BIFILACGG,STRIPOF10CAPSULES,ED000115790
513,513,BIFILAC HP CAPSULES 10.S,BIFILACHP,CAPSULES10.S,ED000010998
514,514,BIFILAC HP CAPSULES 10^S,BIFILACHP,STRIPOF10CAPSULES,ED000010998
521,521,BIG NAC GEL 30G,BIGNAC,GEL30G,ED000011039
536,536,BIG-NAC-P  TABLETS 10.S,BIGNACP,TABLETS10.S,ED000011042
522,522,BIGBRO OD TABLETS 10^S,BIGBROOD,STRIPOF10TABLETS,ED000011022
525,525,BIGCEF-250 TABLETS,BIGCEF250,TABLETS,ED000011024
526,526,BIGCEF-500 TABLETS,BIGCEF500,TABLETS,ED000011025
527,527,BIGLAC CAPSULES(FORGEN) 10^S,BIGLAC,CAPSULES(FORGEN)Stripof10,ED000149026
527,527,BIGLAC CAPSULES(FORGEN) 10^S,BIGLAC,CAPSULES(FORGEN)Stripof10,ED000149026
534,534,BIG-NAC-MR 4 TABLETS 10^S,BIGNACMR4,STRIPOF10TABLETS,ED000011040
543,543,BIGOMET 500 TABLETS 1*10,BIGOMET500,TABLETS1*10,ED000011046
543,543,BIGOMET 500 TABLETS 1*10,BIGOMET500,TABLETS1*10,ED000011046
543,543,BIGOMET 500 TABLETS 1*10,BIGOMET500,TABLETS1*10,ED000011046
547,547,BIGPHYLIN-PLUS TABLETS 10^S,BIGPHYLINPLUS,STRIPOF10TABLETS,ED000110593
554,554,BIGSPAS-P TABLETS 10,BIGSPASP,TABLETS10,ED000011058
557,557,BIGVIN -2500 INJECTION,BIGVIN2500,INJECTION,ED000011061
564,564,BILACHEK M TABLETS 10T,BILACHEKM,TABLETS10T,ED000154674
566,566,BILACHEK TABLETS 10T,BILACHEK,TABLETS10T,ED000154673
564,564,BILACHEK M TABLETS 10T,BILACHEKM,TABLETS10T,ED000154674
566,566,BILACHEK TABLETS 10T,BILACHEK,TABLETS10T,ED000154673
568,568,BILAFAV M TABLETS 10S,BILAFAVM,STRIPOF10TABLETS,ED000156583
572,572,BILAGRA M TABLETS 10^S,BILAGRAM,STRIPOF10TABLETS,ED000148328
573,573,BILALIFE M TABLETS 10S,BILALIFEM,STRIPOF10TABLETS,ED000153192
574,574,BILALIFE TABLETS 10S,BILALIFE,STRIPOF10TABLETS,ED000153697
577,577,BILANIX 20MG TABLETS 10^S,BILANIX20MG,STRIPOF10TABLETS,ED000116297
579,579,BILANIX 20MG TABLETS # 10S,BILANIX20MG,TABLETS#10S,ED000116297
580,580,BILANTA 20MG TABLETS 10^S,BILANTA20MG,STRIPOF10TABLETS,ED000130374
605,605,BILLARGIC M TABLETS 10S,BILLARGICM,STRIPOF10TABLETS,ED000149037
588,588,BILAST M TABLETS 10^S,BILASTM,STRIPOF10TABLETS,ED000152285
585,585,BILASHINE 20MG 10S,BILASHINE20MG10S,,ED000129287
586,586,BILASHINE DT 10 10S,BILASHINEDT1010S,,ED000151275
590,590,BILASURE 20 TABLETS 10^S,BILASURE20,STRIPOF10TABLETS,ED000129901
591,591,BILASURE M TABLETS 10^S,BILASUREM,STRIPOF10TABLETS,ED000145944
593,593,BILASURE SYRUP 30ML,BILASURE,SYRUP30ML,
597,597,BILAZEST M TABLETS,BILAZESTM,TABLETS,ED000149035
599,599,BILBAY M TABLETS 1*10,BILBAYM,TABLETS1*10,
601,601,BILBAY TABLETS 10*10,BILBAY,TABLETS10*10,ED000153261
602,602,BILEFIX 300 TABLETS 14S,BILEFIX300,TABLETS14S,ED000011082
603,603,BILEFIX 600 TABLETS 14S,BILEFIX600,TABLETS14S,ED000011083
604,604,BILKRO M TABLETS 1*10,BILKROM,TABLETS1*10,ED000159539
605,605,BILLARGIC M TABLETS 10S,BILLARGICM,STRIPOF10TABLETS,ED000149037
607,607,BILLARGIC TABLETS 20MG 10^S,BILLARGIC,TABLETS20MGStripof10,ED000131615
605,605,BILLARGIC M TABLETS 10S,BILLARGICM,STRIPOF10TABLETS,ED000149037
607,607,BILLARGIC TABLETS 20MG 10^S,BILLARGIC,TABLETS20MGStripof10,ED000131615
610,610,BILOVAS TABLETS 10T,BILOVAS,TABLETS10T,ED000011097
611,611,BILOVAS TABLETS # 10T,BILOVAS,TABLETS#10T,
616,616,BI-LUMA# CREAM 15GM,BILUMA#,CREAM15GM,ED000011100
617,617,BI-LUMA. CREAM 15GM,BILUMA.,CREAM15GM,ED000011100
635,635,BIO D3 PLUS CAPSULES 15T,BIOD3PLUS,CAPSULES15T,ED000011147
636,636,BIO D3 PLUS CAPSULES 15^S,BIOD3PLUS,CAPSULESStripof15,ED000011147
646,646,BIOCART MSM TABLETS 10,BIOCARTMSM,TABLETS10,ED000110606
648,648,BIOCLAR 250 TABLETS,BIOCLAR250,TABLETS,
648,648,BIOCLAR 250 TABLETS,BIOCLAR250,TABLETS,
649,649,BIOCLAR 500 TABLETS,BIOCLAR500,TABLETS,ED000011237
653,653,BIOCUTIS CREAM 100GM,BIOCUTIS,CREAM100GM,ED000110610
658,658,BIOCUTIS(SOAP)BATH BAR 100GM,BIOCUTIS(,SOAP)BATHBAR100GM,ED000110609
653,653,BIOCUTIS CREAM 100GM,BIOCUTIS,CREAM100GM,ED000110610
658,658,BIOCUTIS(SOAP)BATH BAR 100GM,BIOCUTIS(,SOAP)BATHBAR100GM,ED000110609
628,628,BIO D3 CAPSULES 10^S,BIOD3,STRIPOF10CAPSULES,ED000011141
630,630,BIO D3 FEM CAPSULES 10^S,BIOD3FEM,STRIPOF10CAPSULES,ED000011143
631,631,BIO D3 FEM CAPSULES 15^S,BIOD3FEM,CAPSULESStripof15,ED000140777
630,630,BIO D3 FEM CAPSULES 10^S,BIOD3FEM,STRIPOF10CAPSULES,ED000011143
631,631,BIO D3 FEM CAPSULES 15^S,BIOD3FEM,CAPSULESStripof15,ED000140777
634,634,BIO D3 MOM  TABLETS 15^S,BIOD3MOM,TABLETSStripof15,ED000156834
635,635,BIO D3 PLUS CAPSULES 15T,BIOD3PLUS,CAPSULES15T,ED000011147
636,636,BIO D3 PLUS CAPSULES 15^S,BIOD3PLUS,CAPSULESStripof15,ED000011147
662,662,BIODENS TABLETS 10S,BIODENS,STRIPOF10TABLETS,ED000110615
665,665,BIOFER XT TABLETS 10^S,BIOFERXT,STRIPOF10TABLETS,ED000110617
665,665,BIOFER XT TABLETS 10^S,BIOFERXT,STRIPOF10TABLETS,ED000110617
665,665,BIOFER XT TABLETS 10^S,BIOFERXT,STRIPOF10TABLETS,ED000110617
665,665,BIOFER XT TABLETS 10^S,BIOFERXT,STRIPOF10TABLETS,ED000110617
679,679,BIOMELA TABLETS 1*10,BIOMELA,TABLETS1*10,
681,681,BIONECT CREAM 15GM,BIONECT,CREAM15GM,ED000011442
683,683,BIOPREG F TABLETS 10^S,BIOPREGF,STRIPOF10TABLETS,ED000011471
690,690,BIOSIL CAPSULES 10^S,BIOSIL,STRIPOF10CAPSULES,ED000011526
691,691,BIOSILK CREAM 100GM,BIOSILK,CREAM100GM,ED000141299
692,692,BIOSILK CREAM # 100GM,BIOSILK,CREAM#100GM,ED000141299
690,690,BIOSIL CAPSULES 10^S,BIOSIL,STRIPOF10CAPSULES,ED000011526
691,691,BIOSILK CREAM 100GM,BIOSILK,CREAM100GM,ED000141299
692,692,BIOSILK CREAM # 100GM,BIOSILK,CREAM#100GM,ED000141299
690,690,BIOSIL CAPSULES 10^S,BIOSIL,STRIPOF10CAPSULES,ED000011526
691,691,BIOSILK CREAM 100GM,BIOSILK,CREAM100GM,ED000141299
692,692,BIOSILK CREAM # 100GM,BIOSILK,CREAM#100GM,ED000141299
696,696,BIOSTAR GOLD # CAPSULES 10^S,BIOSTARGOLD#,STRIPOF10CAPSULES,ED000011546
697,697,BIOSTAR GOLD CAPSULES 10^S,BIOSTARGOLD,STRIPOF10CAPSULES,ED000011546
696,696,BIOSTAR GOLD # CAPSULES 10^S,BIOSTARGOLD#,STRIPOF10CAPSULES,ED000011546
697,697,BIOSTAR GOLD CAPSULES 10^S,BIOSTARGOLD,STRIPOF10CAPSULES,ED000011546
698,698,BIOSUGANRIL 10 TABLETS 10S,BIOSUGANRIL10,STRIPOF10TABLETS,ED000011551
699,699,BIOSUGANRIL 20 TABLETS 10S,BIOSUGANRIL20,STRIPOF10TABLETS,ED000011552
701,701,BIOTEE FORTE TABLETS 10^S,BIOTEEFORTE,STRIPOF10TABLETS,ED000011574
700,700,BIOTEE 10  TABLETS 10^S,BIOTEE10,STRIPOF10TABLETS,ED000011573
702,702,BIOTEE PLUS TABLETS 10^S,BIOTEEPLUS,STRIPOF10TABLETS,ED000011575
708,708,BIOZIM-O TABLETS 1*10^S,BIOZIMO,TABLETS1*Stripof10,ED000119263
708,708,BIOZIM-O TABLETS 1*10^S,BIOZIMO,TABLETS1*Stripof10,ED000119263
717,717,BISELECT-5 TABLETS 10^T,BISELECT5,TABLETS10^T,ED000011670
717,717,BISELECT-5 TABLETS 10^T,BISELECT5,TABLETS10^T,ED000011670
720,720,BISOHEART-AM 2.5 TABLETS 1*10,BISOHEARTAM2.5,TABLETS1*10,ED000011678
718,718,BISOHEART-2.5 TABLETS 1*10,BISOHEART2.5,TABLETS1*10,ED000011676
719,719,BISOHEART-5 TABLETS 1*10,BISOHEART5,TABLETS1*10,ED000011677
720,720,BISOHEART-AM 2.5 TABLETS 1*10,BISOHEARTAM2.5,TABLETS1*10,ED000011678
718,718,BISOHEART-2.5 TABLETS 1*10,BISOHEART2.5,TABLETS1*10,ED000011676
719,719,BISOHEART-5 TABLETS 1*10,BISOHEART5,TABLETS1*10,ED000011677
721,721,BISOHEART-AM 5 TABLETS 1*10,BISOHEARTAM5,TABLETS1*10,ED000011679
719,719,BISOHEART-5 TABLETS 1*10,BISOHEART5,TABLETS1*10,ED000011677
720,720,BISOHEART-AM 2.5 TABLETS 1*10,BISOHEARTAM2.5,TABLETS1*10,ED000011678
721,721,BISOHEART-AM 5 TABLETS 1*10,BISOHEARTAM5,TABLETS1*10,ED000011679
724,724,BISONEXT 10 TABLETS 15^S,BISONEXT10,TABLETSStripof15,ED000159791
725,725,BISONEXT 2.5 TABLETS 15^S,BISONEXT2.5,TABLETSStripof15,ED000159792
726,726,BISONEXT 5 TABLETS 10^S,BISONEXT5,STRIPOF10TABLETS,ED000168601
725,725,BISONEXT 2.5 TABLETS 15^S,BISONEXT2.5,TABLETSStripof15,ED000159792
726,726,BISONEXT 5 TABLETS 10^S,BISONEXT5,STRIPOF10TABLETS,ED000168601
725,725,BISONEXT 2.5 TABLETS 15^S,BISONEXT2.5,TABLETSStripof15,ED000159792
726,726,BISONEXT 5 TABLETS 10^S,BISONEXT5,STRIPOF10TABLETS,ED000168601
729,729,BISOSAFE 2.5 TABLETS 10^S,BISOSAFE2.5,STRIPOF10TABLETS,ED000110648
730,730,BISOSAFE 5 TABLETS 10^S,BISOSAFE5,STRIPOF10TABLETS,
739,739,BIZFER XT TABLETS 10^S,BIZFERXT,STRIPOF10TABLETS,ED000011742
756,756,BLADMIR S 50 TABLETS 10S,BLADMIRS50,STRIPOF10TABLETS,ED000141301
755,755,BLADMIR S 25 TABLETS 10S,BLADMIRS25,STRIPOF10TABLETS,ED000141300
756,756,BLADMIR S 50 TABLETS 10S,BLADMIRS50,STRIPOF10TABLETS,ED000141301
755,755,BLADMIR S 25 TABLETS 10S,BLADMIRS25,STRIPOF10TABLETS,ED000141300
755,755,BLADMIR S 25 TABLETS 10S,BLADMIRS25,STRIPOF10TABLETS,ED000141300
756,756,BLADMIR S 50 TABLETS 10S,BLADMIRS50,STRIPOF10TABLETS,ED000141301
589,589,BILAST TABLETS 10S,BILAST,STRIPOF10TABLETS,ED000140992
763,763,BLIEU SOFT GEL CAPSULES 10^S,BLIEUSOFTGEL,STRIPOF10CAPSULES,ED000011772
764,764,BLIEU SOFTGEL CAPSULES-30045020 10^S,BLIEUSOFTGEL,CAPSULES30045020Stripof10,ED000011772
765,765,BLISE CREAM 20GM,BLISE,CREAM20GM,ED000011777
775,775,BLISTO 2 TABLETS 10^S,BLISTO2,STRIPOF10TABLETS,ED000011785
778,778,BLISTO 4 TABLETS 10^S,BLISTO4,STRIPOF10TABLETS,ED000011786
780,780,BLISTO TRIO 2,BLISTOTRIO2,,ED000011792
780,780,BLISTO TRIO 2,BLISTOTRIO2,,ED000011792
772,772,BLISTO 1 TABLETS 10^S,BLISTO1,STRIPOF10TABLETS,ED000011784
770,770,BLISTO 1 MF TABLETS 10^S,BLISTO1MF,STRIPOF10TABLETS,ED000011787
771,771,BLISTO 1 MF TABLETS 10^S,BLISTO1MF,STRIPOF10TABLETS,ED000011787
773,773,BLISTO 2 MF TABLETS 10^S,BLISTO2MF,STRIPOF10TABLETS,ED000011788
774,774,BLISTO 2 MF TABLETS 10^S,BLISTO2MF,STRIPOF10TABLETS,ED000011788
776,776,BLISTO 4 MF TABLETS 10^S,BLISTO4MF,STRIPOF10TABLETS,ED000011790
777,777,BLISTO 4 MF TABLETS 10^S,BLISTO4MF,STRIPOF10TABLETS,ED000011790
782,782,B-LONG F TABLETS 30^S,BLONGF,TABLETSStripof30,ED000009287
783,783,B-LONG TABLETS 30^S,BLONG,TABLETSStripof30,ED000009286
792,792,BLUDROX 250 DT TABLETS 10TABLETS,BLUDROX250DT,TABLETS,ED000011836
793,793,BLUDROX 500 TABLETS 10TABLETS,BLUDROX500,TABLETS,ED000011837
797,797,BLUMOX 250 DT TABLETS 15TABLETS,BLUMOX250DT,TABLETS,ED000011858
799,799,BLUMOX CA 375MG 10TABLETS,BLUMOXCA375MG10,TABLETS,ED000011864
800,800,BLUMOX CA 625MG 10TABLETS,BLUMOXCA625MG10,TABLETS,ED000011865
800,800,BLUMOX CA 625MG 10TABLETS,BLUMOXCA625MG10,TABLETS,ED000011865
798,798,BLUMOX 500 TABLETS 10TABLETS,BLUMOX500,TABLETS,ED000011859
804,804,BLUMOX LB 500 TABLETS 10TABLETS,BLUMOXLB500,TABLETS,ED000011872
798,798,BLUMOX 500 TABLETS 10TABLETS,BLUMOX500,TABLETS,ED000011859
804,804,BLUMOX LB 500 TABLETS 10TABLETS,BLUMOXLB500,TABLETS,ED000011872
806,806,BLUMOX PLUS TABLETS 10S,BLUMOXPLUS,STRIPOF10TABLETS,ED000011875
806,806,BLUMOX PLUS TABLETS 10S,BLUMOXPLUS,STRIPOF10TABLETS,ED000011875
827,827,BON K2 HD TABLETS 10^S,BONK2HD,STRIPOF10TABLETS,ED000011939
828,828,BON K2 HD TABLETS 10S,BONK2HD,STRIPOF10TABLETS,ED000011939
835,835,BONE C PLUS CAPSULES,BONECPLUS,CAPSULES,ED000011957
836,836,BONE C PLUS SYRUP,BONECPLUS,SYRUP,ED000119580
829,829,BON K2 TABLETS 10T,BONK2,TABLETS10T,ED000011938
830,830,BON K2 TABLETS 10TABLETS,BONK2,TABLETS,ED000011938
845,845,BONEBASE TABLETS 10^S,BONEBASE,STRIPOF10TABLETS,ED000011963
845,845,BONEBASE TABLETS 10^S,BONEBASE,STRIPOF10TABLETS,ED000011963
839,839,BONEBASE F 40 CAPSULES 18% 10^S,BONEBASEF40,CAPSULES18%Stripof10,ED000011964
839,839,BONEBASE F 40 CAPSULES 18% 10^S,BONEBASEF40,CAPSULES18%Stripof10,ED000011964
844,844,BONEBASE PLUS CAPSULES 15^S,BONEBASEPLUS,CAPSULESStripof15,ED000011968
838,838,BONEBASE D3 TABLETS 15^S,BONEBASED3,TABLETSStripof15,
835,835,BONE C PLUS CAPSULES,BONECPLUS,CAPSULES,ED000011957
836,836,BONE C PLUS SYRUP,BONECPLUS,SYRUP,ED000119580
847,847,BONESTAT CAPSULES 15^S,BONESTAT,CAPSULESStripof15,ED000011980
849,849,BONFAST CAPSULES 10^S,BONFAST,STRIPOF10CAPSULES,ED000011986
852,852,BONHEAL 750 TABLETS 10^S,BONHEAL750,STRIPOF10TABLETS,ED000011994
829,829,BON K2 TABLETS 10T,BONK2,TABLETS10T,ED000011938
830,830,BON K2 TABLETS 10TABLETS,BONK2,TABLETS,ED000011938
861,861,BONMAX D3 CAPSULES 4 CAPSULES,BONMAXD3,CAPSULES,ED000012025
863,863,BONNISAN DROP 30ML,BONNISAN,DROP30ML,ED000012032
882,882,BOSENTAS 125 10TABLETS,BOSENTAS12510,TABLETS,ED000012135
882,882,BOSENTAS 125 10TABLETS,BOSENTAS12510,TABLETS,ED000012135
883,883,BOSENTAS 62.5 10TABLETS,BOSENTAS62.510,TABLETS,ED000012136
885,885,BOSS CAPSULES 10^S,BOSS,STRIPOF10CAPSULES,ED000110674
886,886,BOSS CAPSULES 1*10,BOSS,CAPSULES1*10,ED000012139
887,887,BOSS DROPS 15ML,BOSS,DROPS15ML,ED000012141
888,888,BOSS POWDER 200GM,BOSS,POWDER200GM,ED000149051
890,890,BOSS SYRUP 200ML,BOSS,SYRUP200ML,ED000149052
885,885,BOSS CAPSULES 10^S,BOSS,STRIPOF10CAPSULES,ED000110674
886,886,BOSS CAPSULES 1*10,BOSS,CAPSULES1*10,ED000012139
887,887,BOSS DROPS 15ML,BOSS,DROPS15ML,ED000012141
888,888,BOSS POWDER 200GM,BOSS,POWDER200GM,ED000149051
890,890,BOSS SYRUP 200ML,BOSS,SYRUP200ML,ED000149052
893,893,BOTROPASE INJECTION,BOTROPASE,INJECTION,ED000012156
894,894,BOTROPASE INJECTION,BOTROPASE,INJECTION,ED000012155
893,893,BOTROPASE INJECTION,BOTROPASE,INJECTION,ED000012156
894,894,BOTROPASE INJECTION,BOTROPASE,INJECTION,ED000012155
893,893,BOTROPASE INJECTION,BOTROPASE,INJECTION,ED000012156
894,894,BOTROPASE INJECTION,BOTROPASE,INJECTION,ED000012155
913,913,BRAINGIS TABLETS NEW 10,BRAINGIS,TABLETSNEW10,ED000149055
914,914,BRAINIEST SF SYRUP 150ML,BRAINIESTSF,SYRUP150ML,ED000184197
915,915,BRAINIEST SYRUP 1BOTTLE,BRAINIEST,SYRUP1BOTTLE,ED000012229
915,915,BRAINIEST SYRUP 1BOTTLE,BRAINIEST,SYRUP1BOTTLE,ED000012229
919,919,BRAKKE TABLETS 10^S,BRAKKE,STRIPOF10TABLETS,ED000012233
920,920,BRAVIA 20 TABLETS 10^S,BRAVIA20,STRIPOF10TABLETS,ED000012236
921,921,BRAVIA D TABLETS 10^S,BRAVIAD,STRIPOF10TABLETS,ED000012237
922,922,BRAVIA DSR CAPSULES 10^S,BRAVIADSR,STRIPOF10CAPSULES,ED000012238
924,924,BRAVIA LS CAPSULES 1*10,BRAVIALS,CAPSULES1*10,ED000012240
923,923,BRAVIA IT CAPSULES 10^S,BRAVIAIT,STRIPOF10CAPSULES,ED000012239
926,926,BREAKFIX TABLETS 15^S,BREAKFIX,TABLETSStripof15,ED000012246
936,936,BRESOL TABLETS-3004 60 TABLETS,BRESOL,TABLETS,ED000012284
936,936,BRESOL TABLETS-3004 60 TABLETS,BRESOL,TABLETS,ED000012284
936,936,BRESOL TABLETS-3004 60 TABLETS,BRESOL,TABLETS,ED000012284
936,936,BRESOL TABLETS-3004 60 TABLETS,BRESOL,TABLETS,ED000012284
941,941,BREVOXYL CREAMY WASH 50GM,BREVOXYL,CREAMYWASH50GM,ED000012291
941,941,BREVOXYL CREAMY WASH 50GM,BREVOXYL,CREAMYWASH50GM,ED000012291
947,947,BRICAREX(LS)SYRUP 100ML,BRICAREX(LS),SYRUP100ML,ED000012326
944,944,BRICAREX DX JUNIOR SYRUP 100ML,BRICAREXDXJUNIOR,SYRUP100ML,ED000158563
948,948,BRICET 10 10S,BRICET1010S,,ED000157486
956,956,BRIGREL TABLETS 10S,BRIGREL,STRIPOF10TABLETS,ED000140995
957,957,BRIGREL TABLETS 10^S,BRIGREL,STRIPOF10TABLETS,ED000140995
959,959,BRILINTA 90MG TABLETS 14^S,BRILINTA90MG,TABLETSStripof14,ED000012339
959,959,BRILINTA 90MG TABLETS 14^S,BRILINTA90MG,TABLETSStripof14,ED000012339
959,959,BRILINTA 90MG TABLETS 14^S,BRILINTA90MG,TABLETSStripof14,ED000012339
973,973,BRINTELLIX 10MG TABLETS,BRINTELLIX10MG,TABLETS,ED000110691
974,974,BRINTELLIX 20MG TABLETS,BRINTELLIX20MG,TABLETS,ED000119193
973,973,BRINTELLIX 10MG TABLETS,BRINTELLIX10MG,TABLETS,ED000110691
974,974,BRINTELLIX 20MG TABLETS,BRINTELLIX20MG,TABLETS,ED000119193
975,975,BRINTELLIX 5MG TABLETS,BRINTELLIX5MG,TABLETS,ED000110692
990,990,BRITE CREAM 12% 20GM,BRITE,CREAM12%20GM,ED000012398
991,991,BRITE CREAM. 20GM,BRITE,CREAM.20GM,ED000012398
990,990,BRITE CREAM 12% 20GM,BRITE,CREAM12%20GM,ED000012398
991,991,BRITE CREAM. 20GM,BRITE,CREAM.20GM,ED000012398
992,992,BRITE LITE CREAM. 20GM,BRITELITE,CREAM.20GM,ED000012399
1003,1003,BRIVAJOY 100 TABLETS 14^S,BRIVAJOY100,TABLETSStripof14,ED000156894
1004,1004,BRIVAJOY 50 TABLETS 14^S,BRIVAJOY50,TABLETSStripof14,ED000156896
1005,1005,BRIVAJOY 75 TABLETS 14^S,BRIVAJOY75,TABLETSStripof14,ED000169273
1004,1004,BRIVAJOY 50 TABLETS 14^S,BRIVAJOY50,TABLETSStripof14,ED000156896
1005,1005,BRIVAJOY 75 TABLETS 14^S,BRIVAJOY75,TABLETSStripof14,ED000169273
1015,1015,BRIVASURE INJECTION 5ML,BRIVASURE,INJECTION5ML,ED000157742
1015,1015,BRIVASURE INJECTION 5ML,BRIVASURE,INJECTION5ML,ED000157742
1015,1015,BRIVASURE INJECTION 5ML,BRIVASURE,INJECTION5ML,ED000157742
1020,1020,BRIVAZEN INJECTION 5ML,BRIVAZEN,INJECTION5ML,ED000157388
1023,1023,BRIVEPSY 100 TABLETS 14^S,BRIVEPSY100,TABLETSStripof14,ED000159541
1024,1024,BRIVEPSY 50 TABLETS 14^S,BRIVEPSY50,TABLETSStripof14,ED000159542
1025,1025,BRIVETOIN 100 TABLETS 10^S,BRIVETOIN100,STRIPOF10TABLETS,ED000156897
1026,1026,BRIVETOIN 50 TABLETS 10^S,BRIVETOIN50,STRIPOF10TABLETS,ED000156899
1026,1026,BRIVETOIN 50 TABLETS 10^S,BRIVETOIN50,STRIPOF10TABLETS,ED000156899
1026,1026,BRIVETOIN 50 TABLETS 10^S,BRIVETOIN50,STRIPOF10TABLETS,ED000156899
1029,1029,BRIVGARD 50MG TABLETS 10S,BRIVGARD50MG,STRIPOF10TABLETS,ED000157182
1030,1030,BRIVIACT 100 MG TABLETS 14S,BRIVIACT100MG,TABLETS14S,ED000117238
1031,1031,BRIVIACT 50 MG TABLETS 14S,BRIVIACT50MG,TABLETS14S,ED000110697
1032,1032,BRIVIACT 75 MG TABLETS 14S,BRIVIACT75MG,TABLETS14S,ED000147031
1031,1031,BRIVIACT 50 MG TABLETS 14S,BRIVIACT50MG,TABLETS14S,ED000110697
1032,1032,BRIVIACT 75 MG TABLETS 14S,BRIVIACT75MG,TABLETS14S,ED000147031
1057,1057,BROZEDEX LS DROP 15ML,BROZEDEXLS,DROP15ML,ED000012417
1059,1059,BROZEDEX LS SYRUP 100ML,BROZEDEXLS,SYRUP100ML,ED000012419
1061,1061,BROZEDEX SF SYRUP # 100ML,BROZEDEXSF,SYRUP#100ML,ED000012415
1036,1036,BROCLEAR TABLETS 10^S,BROCLEAR,STRIPOF10TABLETS,ED000012459
1037,1037,BROCLEAR TABLETS 10^S,BROCLEAR,STRIPOF10TABLETS,ED000012459
1053,1053,BROPHYLE CAPSULES 10*10C,BROPHYLE,CAPSULES10*10C,ED000012594
1054,1054,BROPHYLE N TABLETS 10T,BROPHYLEN,TABLETS10T,ED000140566
1055,1055,BROPHYLE N TABLETS # 10S,BROPHYLEN,TABLETS#10S,ED000140566
1063,1063,BROZEDEX SYRUP,BROZEDEX,SYRUP,
1064,1064,BROZEDEX SYRUP 100ML 100ML,BROZEDEX,SYRUP100ML100ML,ED000012414
1057,1057,BROZEDEX LS DROP 15ML,BROZEDEXLS,DROP15ML,ED000012417
1059,1059,BROZEDEX LS SYRUP 100ML,BROZEDEXLS,SYRUP100ML,ED000012419
1061,1061,BROZEDEX SF SYRUP # 100ML,BROZEDEXSF,SYRUP#100ML,ED000012415
1057,1057,BROZEDEX LS DROP 15ML,BROZEDEXLS,DROP15ML,ED000012417
1059,1059,BROZEDEX LS SYRUP 100ML,BROZEDEXLS,SYRUP100ML,ED000012419
1061,1061,BROZEDEX SF SYRUP # 100ML,BROZEDEXSF,SYRUP#100ML,ED000012415
1057,1057,BROZEDEX LS DROP 15ML,BROZEDEXLS,DROP15ML,ED000012417
1059,1059,BROZEDEX LS SYRUP 100ML,BROZEDEXLS,SYRUP100ML,ED000012419
1061,1061,BROZEDEX SF SYRUP # 100ML,BROZEDEXSF,SYRUP#100ML,ED000012415
1057,1057,BROZEDEX LS DROP 15ML,BROZEDEXLS,DROP15ML,ED000012417
1059,1059,BROZEDEX LS SYRUP 100ML,BROZEDEXLS,SYRUP100ML,ED000012419
1061,1061,BROZEDEX SF SYRUP # 100ML,BROZEDEXSF,SYRUP#100ML,ED000012415
1035,1035,BRO-ZEET LS DROP 15ML,BROZEETLS,DROP15ML,ED000012633
1066,1066,BRO-ZEET LS SYRUP 100ML,BROZEETLS,SYRUP100ML,ED000012634
1035,1035,BRO-ZEET LS DROP 15ML,BROZEETLS,DROP15ML,ED000012633
1066,1066,BRO-ZEET LS SYRUP 100ML,BROZEETLS,SYRUP100ML,ED000012634
1072,1072,BRUFEN 200 TABLETS $ 15^S,BRUFEN200,TABLETS$Stripof15,ED000012662
1073,1073,BRUFEN 400 TABLETS $ 15^S,BRUFEN400,TABLETS$Stripof15,ED000012663
1074,1074,BRUFEN 600 TABLETS $ 15^S,BRUFEN600,TABLETS$Stripof15,ED000012664
1086,1086,BRUTAL TABLETS 1,BRUTAL,TABLETS1,
1091,1091,BTN TABLETS 10^S,BTN,STRIPOF10TABLETS,ED000012738
1090,1090,BTN FORTE TABLETS 10^S,BTNFORTE,STRIPOF10TABLETS,ED000012735
1092,1092,BTN ULTRA TABLETS 30^S,BTNULTRA,TABLETSStripof30,ED000152286
1092,1092,BTN ULTRA TABLETS 30^S,BTNULTRA,TABLETSStripof30,ED000152286
1107,1107,BUDAMATE FORTE CAPSULES 30C,BUDAMATEFORTE,CAPSULES30C,ED000012759
1115,1115,BUDATE FORTE TRANSPULES 2ML,BUDATEFORTETRANSPULES2ML,,ED000012771
1133,1133,BUDETROL 100 CAPSULES 30^S,BUDETROL100,CAPSULESStripof30,ED000012790
1135,1135,BUDETROL 200 CAPSULES 30^S,BUDETROL200,CAPSULESStripof30,ED000012792
1137,1137,BUDETROL 400  CAPSULES 30^S,BUDETROL400,CAPSULESStripof30,ED000012794
1133,1133,BUDETROL 100 CAPSULES 30^S,BUDETROL100,CAPSULESStripof30,ED000012790
1133,1133,BUDETROL 100 CAPSULES 30^S,BUDETROL100,CAPSULESStripof30,ED000012790
1133,1133,BUDETROL 100 CAPSULES 30^S,BUDETROL100,CAPSULESStripof30,ED000012790
1135,1135,BUDETROL 200 CAPSULES 30^S,BUDETROL200,CAPSULESStripof30,ED000012792
1137,1137,BUDETROL 400  CAPSULES 30^S,BUDETROL400,CAPSULESStripof30,ED000012794
1133,1133,BUDETROL 100 CAPSULES 30^S,BUDETROL100,CAPSULESStripof30,ED000012790
1135,1135,BUDETROL 200 CAPSULES 30^S,BUDETROL200,CAPSULESStripof30,ED000012792
1137,1137,BUDETROL 400  CAPSULES 30^S,BUDETROL400,CAPSULESStripof30,ED000012794
1133,1133,BUDETROL 100 CAPSULES 30^S,BUDETROL100,CAPSULESStripof30,ED000012790
1135,1135,BUDETROL 200 CAPSULES 30^S,BUDETROL200,CAPSULESStripof30,ED000012792
1137,1137,BUDETROL 400  CAPSULES 30^S,BUDETROL400,CAPSULESStripof30,ED000012794
1144,1144,BULARID CAPSULES 10.S,BULARID,CAPSULES10.S,ED000012811
1153,1153,BUPRON XL 150 TABLETS 10^S,BUPRONXL150,STRIPOF10TABLETS,ED000012847
1155,1155,BURNHEAL CREAM 15GM,BURNHEAL,CREAM15GM,ED000012859
1161,1161,BUSCOGAST TABLETS 10^S,BUSCOGAST,STRIPOF10TABLETS,ED000012888
1162,1162,BUSCOGAST TABLETS. 10^S,BUSCOGAST,TABLETS.Stripof10,ED000012888
1161,1161,BUSCOGAST TABLETS 10^S,BUSCOGAST,STRIPOF10TABLETS,ED000012888
1162,1162,BUSCOGAST TABLETS. 10^S,BUSCOGAST,TABLETS.Stripof10,ED000012888
1166,1166,BUTAPROXYVON GEL 30GM,BUTAPROXYVON,GEL30GM,
1166,1166,BUTAPROXYVON GEL 30GM,BUTAPROXYVON,GEL30GM,
1166,1166,BUTAPROXYVON GEL 30GM,BUTAPROXYVON,GEL30GM,
1167,1167,BUTAPROXYVON SP 10 TABLETS,BUTAPROXYVONSP10,TABLETS,
1169,1169,BUXORIC 40 TABLETS 10S,BUXORIC40,STRIPOF10TABLETS,ED000012932
1170,1170,BUXORIC 80 TABLETS 10S,BUXORIC80,STRIPOF10TABLETS,ED000012933
